original,reference,summary
güneşin bugün mars paralel açısı kararlılığımızı güçlendirir tepkilerimizi hızlandırır arzularımız güçlüdür harekete geçmeye hazırız geçiş enerjiyi girişimciliği artırır i̇rade sahibiyiz doğrudan motiveyiz istediğimizin neye inandığımızın arkasında durmaya hazırız rekabetçi bir etkidir acelecilikten kaçınarak proaktif olma zamanıdır bugün yay burcundaki ay coşkulu kendine güvenen geleceğe dönük bir enerji getirir yine güneş jüpiter arasındaki yarım altmışlık açıyla birlikte ideallerimiz uzun vadeli hedeflerimizle gerçekçi bir şekilde başarabileceklerimiz arasında bir uyumsuzluk varsa yolumuzu ayarlamamız gerekebilir mayıs perşembekoç günlük burç yorumu sevgili koç bugünkü geçişler kendinizi ortaya koyma çabalarınızı destekliyor ancak hedeflerinizin peşinden giderken eğlenmeye hazırsınız kişisel planlarınızı ileriye taşımak harika bir gün olsa mümkün olduğunca öz farkındalıklı olmak önemlidir çevrenizde olup bitenleri hissettiklerinizi iyi gözlemleyin hızlı kararlar almanız gerekirse zihinsel olarak hazır olun özellikle tek başına yapılan işler liderlik üstlenmek güçlü bir zaman enerji dolu bir dönem olabilir hareket büyüme çeşitlilik ihtiyacınızı beslemek istiyor olabilirsiniz aşk dolu romantik duygular yükselişte anda sizi harekete geçiren bir güç hline gelebilir ayrıca çevrenizdekilerle fazla iş birliği azından işbirliklerinde direnç hissedebilirsiniz mayıs perşembeboğa günlük burç yorumu sevgili boğa bugün enerji kendini ortaya koyma işleri halletme iradesi açısından iyi bir gün güneş anda burcunuzda ilerlerken enerjik mars paralel konumda olduğundan harekete geçme arzularınızın peşinden gitme konusunda istekli hissediyorsunuz evle ilgili ihtiyaçlarınız konusunda tutkulu olabilir sevdiğiniz birini savunmak desteklemek hazır olabilirsiniz bunun yerine evle ilgili meselelere fazladan enerji ayırabilirsiniz bugünkü geçişler biraz çaba yönle istediğiniz şeyi başarabileceğinizi düşündürtüyor hayatınızı iyileştirecek bir şeyi değiştirmeniz gerekiyorsa sorunları kökünden ele almaya özellikle açık olduğunuz bir gün olabilir mayıs perşembei̇ki̇zler günlük burç yorumu sevgili i̇kizler bugünün enerjileri bir şeyi ileriye taşımak işleri halletme isteği açısından güçlü öğrenme paylaşma bağlantı kurma konularında motivasyon hareket arzusu belirgin şekilde hissediliyor sabırsızlığa düşünmeden konuşmaya karşı dikkatli olmalısınız fazla enerjinizi kişisel projelere cesur adımlara bağlantı kurmaya kaçırılmış bir fırsatın peşinden gitmeye yönlendirme zamanı olabilir birebir ilişkilerle ilgili durumlar danışmanlık toplantılar eşleşmeler dahil gündeme gelebilir anda başarının anahtarı kendi ihtiyaçlarınızı tamamen görmezden gelmeden başkalarının ihtiyaçlarına uyum sağlamaktır son zamanlarda gerçekleşen yakında gerçekleşecek projeler yeni ilgi alanları konusunda gerçek bir heyecan hissedebilirsiniz çevrenizdeki insanlar fikirlerinize açık olabilir mayıs perşembeyengeç günlük burç yorumu sevgili yengeç bugün cesaret coşkunu kolay ortaya koydukça özellikle gelir iş meseleleri yetenekler diğer kaynak varlıklarla ilgili konularda başarabilirsin risk alma isteği güçlü olabilir ihtiyaçlarının farkında oldukça bir sonraki adımını iyi değerlendirebilirsin yeni alanlara açılma arzun var aynı zamanda kendin sağlam bir konum oluşturma isteği seni motive ediyor günlük yaşamını verimli tatmin edici kılmak neyin değişmesi gerektiğini gözünden kaçırmıyorsun neyse bugün doğal olarak üretken bir ritme girmeye eğilimlisin pratik işlerinin kontrolünü eline almak duygusal anlamda rahatlamanı sağlayabilir mayıs perşembeaslan günlük burç yorumu sevgili aslan bugün artan bir cesaret hissedebilirsin enerjiden faydalanmak mümkün olduğunca öz farkındalıkla hareket etmek mantıklı olur çevrende neler olup bittiğini neler hissettiğini gözlemle böylece ani kararlar vermen gerekirse zihinsel olarak hazır olursun kontrolü ele almak liderlik yapmak doğrudan açık sözlü olmak bugünün eğilimleri arasında i̇şlerin kontrolünü elinde tutmak kendin iyisine ulaşmak istiyorsun anda dış dünyaya özgüvenli cesur atılgan bir imaj yansıtıyorsun bir tutkunun yeni bir ilginin peşinden gitmek iyi bir zaman doğuştan gelen yeteneklerine yaratıcı yönüne başvurmak bugün kolay geliyor mayıs perşembebaşak günlük burç yorumu sevgili başak bugün geçmişe duygulara içsel ihtiyaçlara yönelik hoş bir odaklanma olabilir ancak aynı zamanda değişim yapmaya bir meydan okumayı üstlenmeye hazırsın fikirlerini savunma kendini ifade etme arzusu anda güçlü olabilir günlük rutin an biraz sıkıcı görünebilir anlık tatmin arayışı gerçek arzularından ihtiyaçlarından seni uzaklaştırabilir ancak gerçek isteklerinle bağlantı kurarsan ani kararlarla hareket etmek açısından sağlam bir zeminde hissedebilirsin evle ilgili işlerini yoluna koyduğuna dair bir his duygusal açıdan dikkat dağınıklığıyla kendi ilgi alanlarının peşinden gitme konusunda kendine olan güvenini artırabilir duygusal yenilenme önemli anılarla geçirilen anlar açısından harika bir zaman olabilir bugün ihtiyacın olanı içinde destek sisteminde arama eğilimindesin mayıs perşembe terazi̇günlük burç yorumu sevgili terazi bugün kendinle gurur duyacağın bir zaman olabilir bunun bonusu başkalarının seni takdir etme olasılığının yüksek olmasıdır duygusal fiziksel anlamda uyarılma arzun bugün yüksek olduğundan özel bir ilgi alanının birinin peşinden gitmek aniden bir dürtü istek hissedebilirsin takım çalışması arkadaşlıklar sosyal hedeflere yönelik işler hareketli geçebilir geleceğe dair heyecan verici planlar yeni girişimler şimdi ortaya çıkabilir oldukça enerjik motive hissediyorsun seni mutlu eden iyimserlikle dolduran hedeflerin peşinden gitmeye özellikle ilgi duyabilirsin i̇letişimlerin canlı neşeli kalması fazla çaba gerektirmiyor mayıs perşembe akrepgünlük burç yorumu sevgili akrep bugün özel bir kişi nedeniyle onun harekete geçme arzusu ortaya çıkabilir güçlü bir itici güç olabilir bunun yerine ilişki hedefleri güçlü bir şekilde odak noktası hline gelebilir onları gerçekleştirmek motive olabilirsin normalde bir başkasını işin içine katmak seni yavaşlatabilse bugün yükünü paylaşmak açısından iyi bir gün kariyer yaşam yolunla ilgili ilerlemeler kaydedilebilir oldukça üretken hissedebilir önceliklerine odaklanmak endişeleri bir kenara bırakmaya hazır olabilirsin kendini biraz zorlamak gelişmek uzun vadeli hedeflerini göz önünde bulundurmak sorumluluklarının başına geçmek mevcut geçişlerle oldukça başarılı sonuçlar getirebilir odak noktan yapabileceklerin seni inşa eden destekleyen aktiviteler üzerinde mayıs perşembe yaygünlük burç yorumu sevgili yay bugün vizyonun benzersiz ilham verici hobiler yaratıcı uğraşlar bireysel ilgiyle gelişebilir ortaya koydukların anda dikkat çekebilir bugünün enerjileri girişimcilik yenilik açısından özellikle güçlü bir konuda harekete geçmeye yeni bir meydan okumayı üstlenmeye hazır hissediyorsun i̇lginç yeni konuları fikirleri öğrenmek mükemmel bir zaman kararsızlık can sıkıcı bir seviyeye ulaşabilir seni senin yararına olmayabilecek bir karar almaya itebilir ay gün burcunda olduğu duyguların yüzeye yakın kendini doğal bir rahatlıkla ifade ediyorsun duygularını dinlemek önemli ancak bunlara öyle kapılmamalısın farkında olmadan krizler yaratmayasın son zamanlardaki zihinsel gerilim baskı bir tema hline gelebilir anda duygusal tatmin bırakabilme ilerleyebilme yeteneğin önemli mayıs perşembe oğlakgünlük burç yorumu sevgili oğlak bugün aynı eski şeyleri yapmak istemiyorsun seni eğlenceli keşiflere yönlendirebilir bugünün enerjileri enerjik farklı bir şeyler yapmayı teşvik ediyor görünüyor yine ayın gün boyunca özel alanında olması nedeniyle dünyadan bir adım geri atman uygun olacaktır bir şekilde nefes almak iyi bir gün harekete geçme isteği hala güçlü kesinlikle normalden biraz fazla yalnız zamana ihtiyaç duyabilirsin ancak optimistsin sahne arkasında oluyor aynı zamanda heyecanla parlıyor olabilirsin son zamanlardaki olaylara bakmak hayatının biraz sıkıcı hale gelen alanlarına farklı bir yaklaşım keşfetmek harika bir gün olabilir mayıs perşembe kovagünlük burç yorumu sevgili kova bugün güneşmars paralelinin etkisiyle irade gücü heyecan verici girişimci fikirler harika bir zaman bir yandan arkadaşlığa geri bildirime farklı bir bakış açısına olan ihtiyacınla bağlantı kuruyorsun ancak başka bir düzeyde oldukça bağımsızsın bugün kendin olma özgürlüğünü hissetmek istiyorsun dostça özellikler sergiliyorsun başkalarını iyileşmeye yönlendirmede oldukça doğal bir şekilde rehberlik ediyorsun senin eylem fikirlerinle oluyor bir takım işbirlikçi birliktelikler aracılığıyla bir işi başarmayı hedefliyor olabilirsin ayrıca sadece kendini keşfetmek bilinmeyen bir alana adım atmak kendine meydan okuma ihtiyacı hissedebilirsin mayıs perşembe balıkgünlük burç yorumu sevgili balık bugün bir konuda harekete geçmek enerji dolusun yeni bir meydan okumaya hazır hissediyorsun hedeflerin başarmak istediklerin konusunda güçlü bir his güvenle kontrol sahibi canlı kendine güvenen bir şekilde hissedebilirsin i̇şinde rutinlerinde kendi yolunda ilerliyorsun enerjik olarak başkalarının desteğini alsan işlerini kendi hızında yapmayı tercih ediyorsun i̇şlerini bitirme arzusundasın şeyi kontrol altında tutma hissi iyi konumdur yüzden fazla yük almaktan kaçın zihnin yönde ilerliyorsa büyük düşün bugün ay haritanın tepe noktasında olduğu insanlar performansını eylemlerini fazla fark ediyor diğerleri değerini kıymetini kolay görebiliyor bunu hissetmiyorsan kendini gururlandıracak şeyler yaparak güvenini artırabilirsin haber kaynak hthayathaberturkcom yayınlanan haber diğer içerikler ilgili olarak yasal bildirimlerinizi bize iletişim sayfası üzerinden iletiniz kısa süre içerisinde bildirimlerinize geri dönüş sağlanılacaktır,güneşin bugün mars paralel açısı kararlılığımızı güçlendirir tepkilerimizi hızlandırır arzularımız güçlüdür harekete geçmeye hazırız geçiş enerjiyi girişimciliği artırır i̇rade sahibiyiz doğrudan motiveyiz istediğimizin neye inandığımızın arkasında durmaya hazırız rekabetçi bir etkidir acelecilikten kaçınarak proaktif olma zamanıdır bugün yay burcundaki ay coşkulu kendine güvenen geleceğe dönük bir enerji getirir yine güneş jüpiter arasındaki yarım altmışlık açıyla birlikte ideallerimiz uzun vadeli hedeflerimizle gerçekçi bir şekilde başarabileceklerimiz arasında bir uyumsuzluk varsa yolumuzu ayarlamamız gerekebilir,"Dünyanın dört bir yanında devam eden haftalık sıcaklıklar, özellikle Güney Afrika'da çok sayıda kişinin aklına gelmiş geçmiş en iyi günler arasında yer alıyor."
retro masa lambaları düğün masalarını süsleyen şamdanlar yılında yerini retro masa lambalarına bırakıyor düğünlerinde romantik bir atmosfer yaratmak lambalar tercih ediliyor lambalar afterpartylerde kullanılarak sıcak bir ambiyans sağlanıyor kumaşlar ların balo salonlarını anımsatan kumaş detaylar tavanlarda arka planlarda dramatik bir etki yaratıyor eskiden mekan kusurlarını gizlemek kullanılan teknik artık sanatsal bir dekorasyon unsuru olarak öne çıkıyor yuvarlak hatlar düğünlerinde yuvarlak masalar dikdörtgen kare masaların önüne geçiyor lerin mobilya modasından ilham alarak modern eğlenceli bir atmosfer sunuyor film fotoğrafçılığı yılın düğünlerinde analog fotoğrafçılık düğünlerde nostaljik bir dokunuş arayan çiftler arasında yeniden popüler fotoğrafçılar film kameralarıyla çekim yaparken çiftler polaroid makineler anılarını ölümsüzleştiriyor art deco detaylar lerin art deco tarzı düğünlerde martini bardakları altın detaylı süslemeler vintage arabalar öğelerle geri dönüyor zarif gösterişli stil düğünlere şıklık katıyor retro düğün pastaları geçmişin süslü düğün pastaları renkli krema süslemeleri detaylı tasarımlarıyla yeniden moda nostaljik pastalar görsel bir şölen sunuyor düğünlere tatlı bir dokunuş ekliyor referanslar melissa kravitz hoeffner wedding trends making a comeback in according to wedding planners şuradan alındı haber kaynak hthayathaberturkcom yayınlanan haber diğer içerikler ilgili olarak yasal bildirimlerinizi bize iletişim sayfası üzerinden iletiniz kısa süre içerisinde bildirimlerinize geri dönüş sağlanılacaktır,retro masa lambaları,Dünyanın dört bir yanında düzenlenen düğünlerde yılın en popüler tasarımlarından birinin yerini retro masa lambalarına bırakan şamdanlar alıyor.
i̇stanbul maltepede yaşayan yaşındaki müzik yapımcısı naci keklik hayatını adeta müziğin ritmine göre şekillendiriyor eşi ayten neşe keklik adını i̇lhan i̇remin tarihli şarkısından ilhamla sevecen koyduğu kedisiyle birlikte yaşayan keklik gençlik yıllarında amcası mahalledeki büyüklerinin teşvikiyle plak dünyasına adım attı li yıllarda yabancı şarkılarla başlayan yolculuk zamanla kendi kişisel arşivine dönüştü i̇lk plaklarını toplarken kapakların plaklar kadar değerli olduğunu fark eden keklik salonunun duvarını nadide kapaklara ayırdı sanatçılarından imzalı olan piyasada neredeyse bulunmayan plakları salonuna özel bir pikap ses sistemi kurdu bi̇n parçalık dev koleksi̇yon bugün anadolu rock türkçe yabancı pop sanat müziği halk müziği caz klasik müzik pek türü kapsayan bin parçayı aşan bir koleksiyona sahip olan keklik ruh haline göre seçtiği bir plağı çalarak salonunu müzikle dolduruyor aa ekibine kapılarını açan keklik gençlik yıllarında fatihte yaşarken mahalledeki iki ağabeyinin kendisini plak dinlemeye yönlendirdiğini anlattı onlar lerin nitelikli yabancı müziklerini dinliyordu ellerindeki plakları kasetlere çekerek beni dünyaya alıştırdılar ben yerli plakları toplamaya başladımdiyen keklik barış manço i̇lhan i̇rem erkin koray sanatçıların hayatındaki kahramanlar olduğunu söyledi kapakları kıymetli̇ beyazıttaki eski pazarlardan aldığı liklerle koleksiyonunu büyüten keklik bir koleksiyoner plak kapaklarının önemine dikkat çekti plaklar kadar kapakları kıymetli bunlar sınırlı sayıda basıldı zamanla azaldı bir plağı kapağıyla saklamak onun hikyesini tam anlamıyla korumak demek plaklara olan ilginin son yıllarda yeniden artmasını çağan ırmakın ıssız adam filmine bağlıyor keklik çağan ırmakın işe büyük katkısı oldu filmle birlikte gençler plaklara yeniden ilgi göstermeye başladı kapağını açmak içinden şarkı sözlerini bulmak iğneyi pikaba ritüel yerleştirmek onlara cazip geldi plak toplamanın günümüzde maliyetli bir iş haline geldiğini dile getiren keklik ıssız adamdan sonra firmaların eski albümleri yeniden basmaya başladığını sayede yeni baskıların uygun fiyatlara bulunabildiğini belirtti analog kayıtların sıcaklığını doğallığını vurgulayan keklik sanatçıların stüdyoda canlı kayıtlara imza attığı dönemin ruhunu plaklar aracılığıyla yaşatmanın paha biçilmez olduğunu söyledi plaklarını vermede ti̇ti̇z plaklarını başkalarına vermek konusunda oldukça katı bir tutumu var plaklarımın düzeni korunması konusunda titizim kimse benden kolay kolay plak isteyemez diyen keklik koleksiyonuna gösterdiği özeni şöyle anlatıyor harf sırasına göre dizili aldığım plağı mutlaka yerine koyarım düzeni koruyamayacak birine vermek istemem zamanla plakları ikinci üçüncü aldığını fark eden keklik bunun üzerine koleksiyonunu listelemeye karar vermiş raflara sığmayan plakları evin başka bir odasında saklıyor koleksiyonunun geleceğine dair net bir planı olmadığını söyleyen keklik konuda şöyle konuşuyor bir yerde durmam gerektiğini biliyorum başladığımız yaşta değiliz artık bir ara kızımı işe yönlendirmek istedim ona masal plakları toplamaya başladım zamanla anladım benim tutkumdu ona yüklemek doğru olmazdı çocukluk kahramanlarına ayrı değer veri̇yor başka koleksiyonerlerle iletişimde olan keklik özellikle çocukluk kahramanlarının plaklarına ayrı bir değer veriyor i̇lhan i̇remin liklerini sanatçı hayattayken imzalatma şansı bulduğunu dile getiren keklik koleksiyonunda barış manço erol evgin moğollar erkin koray üç hürel banu kırbağ asu maralman neşet ertaş coşkun demir sanatçılara ait bazıları imzalı özel plaklar olduğunu belirtti koleksiyonuna bir olmasından endişe ettiğini söyleyen keklik burada küçük bir deprem yaşadık dışarı kaçmak yerine refleksle plak raflarını tuttum diyerek plaklara duyduğu bağlılığı esprili bir dille ifade etti naci keklik yeni başlayan koleksiyonerlere kapısının zaman açık olduğunu bilgi materyal konusunda elinden gelen desteği vereceğini sözlerine ekledi yavuz yıldırımhaber müdürü haber kaynak ensonhabercom yayınlanan haber diğer içerikler ilgili olarak yasal bildirimlerinizi bize iletişim sayfası üzerinden iletiniz kısa süre içerisinde bildirimlerinize geri dönüş sağlanılacaktır,i̇stanbul maltepede yaşayan yaşındaki müzik yapımcısı naci keklik hayatını adeta müziğin ritmine göre şekillendiriyor eşi ayten neşe keklik adını i̇lhan i̇remin tarihli şarkısından ilhamla sevecen koyduğu kedisiyle birlikte yaşayan keklik gençlik yıllarında amcası mahalledeki büyüklerinin teşvikiyle plak dünyasına adım attı,yabancı müzik dünyasının en önemli isimlerinden biri olarak bilinen Nazi İbrahim Kalkanı'nın koleksiyonunu oluşturan ikinci ismi arasında yer alan ünlü müziğin yapımcısı sevgilisi ayten neşe keklik hikayesini anlattı.
yayınlandığında dünyada adeta izlenme rekorları kıran titanik filmi izleyenlerin hafızasındaki yerini korumaya devam ediyor geçtiğimiz günlerde i̇ngilterede yapılan açık artırmada geminin yolcularından birinin yazdığı mektup satışa çıktı yapılan açıklamaya göre yolcunun yazdığı mektup bin dolara alıcı buldu albay archibald gracienin mektubu beklenen bin sterlinlik fiyatın beş katı bir fiyata satın alındı mektup albayın bir tanıdığına gemi hakkında karar vermeden önce yolculuğumun sonunu bekleyeceğini söylediği kehanet niteliğinde olarak tanımlandı ti̇tani̇k dünyanın hatırlamak istemediği türden felaketlerden olan titanik faciası dev prodüksiyonların yönetmeni james cameron tarafından çekilen görkemli bir film teknolojinin son sürat ilerlediği bir dönemde insanlar üstesinden gelemeyecekleri hiçbir sorun olamayacağına inanmaya başlamışlardır titanic adlı dev transatlantik insanlığın doğaya karşı gövde gösterisi gibidir düşler gemisinin yolcuları arasında avrupada yıl geçirdikten sonra amerikaya dönmekte olan jack adlı genç bir ressam nişanlısı annesiyle philadelphiaya giden rose adlı genç bir kız vardır i̇ki genç şans eseri tanışacak aralarındaki sınıf farkına aldırmaksızın birbirlerine yakınlaşacaktır arada doğa insanoğlunun günden güne artan kibirine bir nokta koymayı planlamaktadır yola çıkılmasından dört buçuk gün sonra nisan titanic iki saat kırk dakika süren sulara gömülmesiyle son bulan hazin olayların başlamasına olacak buz dağına çarpacaktır ödül kazandı james cameronun seyirciye bir zaman makinesiyle yolculuk ettiği hissini uyandırırcasına gerçeğe yakın filmi titanic tam dalda oscar adayı olarak i̇yi film dahil ödülü kazanmıştı ergül tosunsorumlu yazı i̇şleri müdürü haber kaynak ensonhabercom yayınlanan haber diğer içerikler ilgili olarak yasal bildirimlerinizi bize iletişim sayfası üzerinden iletiniz kısa süre içerisinde bildirimlerinize geri dönüş sağlanılacaktır,yayınlandığında dünyada adeta izlenme rekorları kıran titanik filmi izleyenlerin hafızasındaki yerini korumaya devam ediyor geçtiğimiz günlerde i̇ngilterede yapılan açık artırmada geminin yolcularından birinin yazdığı mektup satışa çıktı yapılan açıklamaya göre yolcunun yazdığı mektup bin dolara alıcı buldu,Dünyanın en çok izlenen filmlerinden biri olarak gösterilen 'Titanic' filminin yolcularından birinin yazdığı mektup bugün açık artırmada satışa çıktı
merkez selçuklu ilçesinde bulunan helenistik roma bizans selçuklu karamanoğulları osmanlıya kadar binlerce yıldır birçok medeniyetin izlerini taşıyan gevale kalesinde kültür turizm bakanlığı selçuklu belediyesi iş birliğinde çalışmalar yürütülüyor gevale kalesi etap restorasyon çalışmaları kapsamında yürüme yolları dehlizler hamam ibadet mekanları ün üzerinde sarnıcın konservasyon restorasyonu tamamlandı çalışmalarda sona geli̇ndi̇ surların mikro enjeksiyonla sağlamlaştırması konservasyonunu yapan ekipler diğer mesken kalıntılarının sağlamlaştırma konservasyon restorasyon uygulamalarında sona yaklaştı kaynak anadolu ajansı aaergül tosunsorumlu yazı i̇şleri müdürü haber kaynak ensonhabercom yayınlanan haber diğer içerikler ilgili olarak yasal bildirimlerinizi bize iletişim sayfası üzerinden iletiniz kısa süre içerisinde bildirimlerinize geri dönüş sağlanılacaktır,merkez selçuklu ilçesinde bulunan helenistik roma bizans selçuklu karamanoğulları osmanlıya kadar binlerce yıldır birçok medeniyetin izlerini taşıyan gevale kalesinde kültür turizm bakanlığı selçuklu belediyesi iş birliğinde çalışmalar yürütülüyor,Türkiye'nin kültür turizm bakanlığı selçuklu ilçesinde bulunan helenistik roma bizans karamanoğulları osmanlıya kadar binlerce yıldır birçok medeniyetin izlerini taşıyan sarnıcın restorasyon restorasyonu tamamlandı çalışmalarda sona yaklaştı.
görüşmede türkiye i̇talya ikili ilişkileri bölgesel küresel gelişmeler ele alındı cumhurbaşkanı erdoğan görüşmede türkiyenin ukrayna rusya arasındaki savaşın adil kalıcı barışla neticelenmesi müzakerelere ev sahipliği yapmak dahil türlü katkıyı vermeye hazır olduğunu ifade etti cumhurbaşkanı erdoğan aralanan fırsat penceresinin kaçırılmaması gerektiğini barışın sağlanması gayretlerin artırılmasının önemli olduğunu belirtti haber kaynak sabahcomtr yayınlanan haber diğer içerikler ilgili olarak yasal bildirimlerinizi bize iletişim sayfası üzerinden iletiniz kısa süre içerisinde bildirimlerinize geri dönüş sağlanılacaktır,görüşmede türkiye i̇talya ikili ilişkileri bölgesel küresel gelişmeler ele alındı,Cumhurbaşkanı Recep Tayyip Erdoğan bugün ikinci yurt dışı temaslarını gerçekleştirdi. görüşmede ikili ilişkiler bölgesel küresel gelişmeler ele alındı. Cumhurbaşkanlığı Sözcüsü Mahmut Hamsici ise görüşme sürecinin devam edeceğini söyledi.
yolsuzluk soruşturması kapsamında tutuklanan ekrem i̇mamoğlu i̇bbye yönelik terör soruşturması kapsamında tutuklama talebiyle hakimlere sevk edilmiş i̇mamoğlunun soruşturma kapsamında serbest bırakılmasına karar verilmişti sulh ceza hakimliğindeki sorgusunda ifade veren ekrem i̇mamoğlu kendisini tutuklamaya sevk eden savcılara yönelik sarf ettiği sözler nedeniyle kamu görevlisine hakaret suçlamasıyla soruşturma başlatıldı yarın i̇fade verecek silivri cezaevinde tutuklu bulunan ekrem i̇mamoğlu kamu görevlisine karşı görevinden dolayı hakaret suçundan hakkında açılan yeni soruşturma kapsamında yarın tutuklu bulunduğu cezaevinden soruşturma savcısına segbi̇s bağlanarak ifade verecek soruşturma konusu i̇mamoğlu kent uzlaşısı soruşturması kapsamında silahlı terör örgütüne yardım etme suçundan tutuklanması talep edildiğinde sulh ceza hakimliğinde verdiği ifadesi i̇şte i̇fade i̇mamoğlu ifadesinde şunları söylemişti mahkeme anında elime geçen sevk yazısında benden ifade alan savcının isminin olmadığı farklı iki savcının isminin olduğunu gördüm sayfalarca pkk terör örgütü ilgilenmediğim kck hdk vs kısaltmalarla geçen farklı dergilerde farklı terör örgütü söylemlerinin dizildiği tam bir kumpas pusu düzenini kuran iki savcının suç isnadını görmekteyim benim çöp niteliğindedir bütün bunları benim yazan terör örgütü üyeliğini ortaya koyan kişiler meslek şereflerini meslek namusunu kaybetmiş kişilerdir tür kişiler sadece bunları yazma marifetine sahip değil muhtemeldir ülkemizin başına bela olmuş olacak terör örgütü deneyimlerine sahip olduklarını düşünüyorum tür pusu kumpas işi terör örgütü üyesi olmakla başarılabilir düşünüyorum yaptıkları iş işlemler ülkemizin adalet sistemine atılmış bir bombadır tahribatı büyük olacaktır yüce türk yargısına on binlerce namuslu yargıç savcılara sesleniyorum tür meslek namusunu meslek ahlakini yitirmiş insanlara meydan vermeyin şeref yoksunu insanlar ramazan ayında kul hakkının ötesine geçip milletimize vatana ihanet etmektedirler dolayısıyla suç isnadın bende zerre kadar kıymeti yoktur yazdıkları sayfa çöp niteliğindedir benim vatan millet sevgimi bayrak sevgimi ülkede yaşayan milyon insanı barış huzur içerisinde yaşayacakları bir ülke sevdamı tür çöp niteliğindeki insanlar beni sorgulayabilir ifademi alabilir haber kaynak sabahcomtr yayınlanan haber diğer içerikler ilgili olarak yasal bildirimlerinizi bize iletişim sayfası üzerinden iletiniz kısa süre içerisinde bildirimlerinize geri dönüş sağlanılacaktır,yolsuzluk soruşturması kapsamında tutuklanan ekrem i̇mamoğlu i̇bbye yönelik terör soruşturması kapsamında tutuklama talebiyle hakimlere sevk edilmiş i̇mamoğlunun soruşturma kapsamında serbest bırakılmasına karar verilmişti sulh ceza hakimliğindeki sorgusunda ifade veren ekrem i̇mamoğlu kendisini tutuklamaya sevk eden savcılara yönelik sarf ettiği sözler nedeniyle kamu görevlisine hakaret suçlamasıyla soruşturma başlatıldı,yolsuzluk soruşturması kapsamında tutuklu bulunan ekrem ímamoğlu kamu görevlisine hakaret suçlamasıyla soruşturma başlatıldı serbest bırakıldığı cezaevinde ifade veren savcılara yönelik sarf ettiği sözler nedeniyle tutuklama talebiyle hakimlere sevk edilmişti
cumhurbaşkanı yardımcısı cevdet yılmaz trt haberde gündeme ilişkin değerlendirmelerde bulundu türkiyenin terörle mücadelesinde önemli bir dönemeçten geçtiğini vurgulayan yılmaz terörsüz türkiye hedefinde yeni bir aşamaya geçildiğini söyledi mücadele kararlılıkla sürdü yeni̇ bi̇r döneme gi̇ri̇ldi̇ türkiyenin birden fazla terör örgütüne karşı aynı anda yürüttüğü mücadelenin sonuç verdiğini belirten yılmaz süreç uzun yıllardır verilen kararlı mücadelenin ürünüdür bugün geldiğimiz nokta terörsüz bir türkiyeye olan inancımızı güçlendiriyor dedi bölge halkı ağır bedeli̇ ödedi̇ terörün büyük mağdurunun bölge halkı olduğunu söyleyen yılmaz can kayıplarının yanı sıra ekonomik olarak zararı bölge insanı gördü nedenle terörün tamamen sona ermesi onlara yarar sağlayacak ifadelerini kullandı yatırımlar i̇çi̇n yeni̇ bi̇r zemi̇n oluşuyor yılmaz kamu yatırımlarının ardından özel sektör yatırımlarının hız kazanacağını belirterek madencilik sanayi enerji tarım turizm alanlarında yeni bir kalkınma hamlesi başlatıyoruz bölge heyecan verici bir dönem başlıyor dedi provokasyonlara karşı uyarı süreci̇ sabotaj etmek i̇steyenler olacak sürece zarar vermek isteyen çevrelerin devreye girebileceğine dikkat çeken yılmaz dezenformasyonlara karşı dikkatli olmalıyız halkımız kurumlarımız tür girişimlere karşı oldukça tecrübeli süreci başarıyla tamamlamak zorundayız şeklinde konuştu suri̇ye yaptırımlarının kaldırılması şart yılmaz suriye ilgili değerlendirmelerinde yaptırımların artık halkı cezalandırdığını ifade ederek yaptırımlar kaldırıldığında yatırım ortamı güçlenecek suriyelilerin ülkelerine gönüllü dönüşü hızlanacaktır dedi terörün ekonomi̇ye mali̇yeti̇ tri̇lyon dolara yaklaştı yıllık terör mücadelesinin doğrudan dolaylı maliyetlerine dikkat çeken yılmaz yapılamayan yatırımlar dahil edildiğinde toplam ekonomik maliyet trilyon dolara yaklaşıyor ancak artık yükten kurtulmak fırsat var dedi bölgesel potansi̇yel harekete geçi̇ri̇lecek yılmaz yeni kalkınma stratejileriyle bölgenin ekonomik potansiyelinin öne çıkacağını ifade ederek sulama yatırımları tarım odaklı projeler yeni teşvik sistemleriyle kalkınmanın hızlanacağını söyledi enerji̇de yeni̇lenebi̇li̇r atak bölgenin enerji potansiyeline değinen yılmaz gabarda üretim arttı güneş rüzgar enerjisinden fazla yararlanacağız meclise sunulacak yeni paketle yenilenebilir enerji yatırımlarının önü açılacak ifadelerini kullandı turi̇zm bölgeye yayılacak yılmaz terörsüz türkiye vizyonuyla birlikte doğu güneydoğu anadoluda inanç tarih gastronomi turizminin fazla gelişeceğini söyledi bölgeyi ziyaret edenler değişimi bizzat görecek dedi türki̇ye di̇plomasi̇ni̇n merkezi̇ hali̇ne geldi̇ dış politikadaki gelişmeleri değerlendiren yılmaz cumhurbaşkanı erdoğanın rusyaukrayna savaşı başta olmak üzere birçok kriz bölgesinde yürüttüğü diplomasiyle türkiyeyi barışın anahtarı haline getirdiğini vurguladı ukraynarusya barışı i̇çi̇n umutluyuz yılmaz savaşın kazananı yok adil bir barışın kaybedeni olmaz türkiye diyalog kanallarını açık tutarak bölgede istikrar adına önemli bir rol oynuyor umuyoruz ateşkes süreci olumlu sonuçlanır dedi haber kaynak sabahcomtr yayınlanan haber diğer içerikler ilgili olarak yasal bildirimlerinizi bize iletişim sayfası üzerinden iletiniz kısa süre içerisinde bildirimlerinize geri dönüş sağlanılacaktır,cumhurbaşkanı yardımcısı cevdet yılmaz trt haberde gündeme ilişkin değerlendirmelerde bulundu türkiyenin terörle mücadelesinde önemli bir dönemeçten geçtiğini vurgulayan yılmaz terörsüz türkiye hedefinde yeni bir aşamaya geçildiğini söyledi,Cumhurbaşkanı Recep Tayyip Erdoğan'ın dış politikadaki gelişmeleri değerlendiren cumhurbaşkanı yardımcısı cevdet yılmaz 'terörsüz t Türkiye hedefinde yeni bir aşamaya geçtiğini' söyledi
düzcede uyuşturucu mücadele sürüyor düzce cumhuriyet başsavcılığı koordinesinde narkotik suçlarla mücadele şube müdürlüğü ekiplerince kiremitocağı mahallesinde yapılan operasyonda parça halinde gram sentetik kannabinoid maddesi adet sentetik ecza ele geçirildi operasyonda uyuşturucu ticareti yapmak suçundan işlem yapılan suç kaydı bulunan ck düzce cumhuriyet başsavcılığı tarafından sevk edildiği sulh ceza hakimliği tarafından tutuklanırken uyuşturucu kullanan ba fa tc ea zş işlem yapıldığı bildirildi haber kaynak sabahcomtr yayınlanan haber diğer içerikler ilgili olarak yasal bildirimlerinizi bize iletişim sayfası üzerinden iletiniz kısa süre içerisinde bildirimlerinize geri dönüş sağlanılacaktır,düzcede uyuşturucu mücadele sürüyor düzce cumhuriyet başsavcılığı koordinesinde narkotik suçlarla mücadele şube müdürlüğü ekiplerince kiremitocağı mahallesinde yapılan operasyonda parça halinde gram sentetik kannabinoid maddesi adet sentetik ecza ele geçirildi operasyonda uyuşturucu ticareti yapmak suçundan işlem yapılan suç kaydı bulunan ck düzce cumhuriyet başsavcılığı tarafından sevk edildiği sulh ceza hakimliği tarafından tutuklanırken uyuşturucu kullanan ba fa tc ea zş işlem yapıldığı bildirildi,"sabah: düzcede uyuşturucu mücadele sürüyor, kiremitocağı mahallesinde yapılan operasyonda parça halinde gram sentetik kcannabis maddesi ele geçirildi, tutuklu bulunan ck tutuklandı"
kktc başbakanı ünal üstel sosyal medya hesabından terörsüz türkiye süreci ilgili paylaşım yaptı üstel türkiyemizin cumhurbaşkanı sayın recep tayyip erdoğanın kararlı liderliği terörsüz türkiye vizyonu somut sonuç vermiş milliyetçi hareket partisi genel başkanı sayın devlet bahçelinin dirayetli duruşu cumhur i̇ttifakının güçlü birlikteliği başarının temel taşı olmuştur ifadesini kullandı terör örgütü pkknın fesih silah bırakma kararı yarım asırdan yana türkiyeyi hedef alan bölücü terörün resmen ortadan kalktığını vurgulayan üstel gelişmenin sadece türkiye değil bölge barış huzur istikrarın umudu olduğunu belirtti üstel terör örgütü pkknın silahlı mücadeleyi bitirdiğini kendini feshettiğini açıklamasının türk milleti tarihi bir zafer olduğunu kaydetti haber kaynak sabahcomtr yayınlanan haber diğer içerikler ilgili olarak yasal bildirimlerinizi bize iletişim sayfası üzerinden iletiniz kısa süre içerisinde bildirimlerinize geri dönüş sağlanılacaktır,kktc başbakanı ünal üstel sosyal medya hesabından terörsüz türkiye süreci ilgili paylaşım yaptı,kkc başbakanı ünal üstel sosyal medya hesabından terör örgütü pkknın silahlı mücadeleyi bitirdiğini kendini feshettiğini açıkladı.
pakistan başbakanı şerif sosyal medya hesabı xten yaptığı paylaşımda pakistanın türkiye uzun süredir devam eden kardeşlik bağlarından gurur duyduğunu belirtti şerif sevgili kardeşim başkan recep tayyip erdoğanın pakistana olan güçlü desteği sarsılmaz dayanışması beni derinden etkiledi ifadesini kullandı başkan erdoğanın güney asyada barışı teşvik etmek amacıyla gösterdiği kararlı çabaları yapıcı rolü nedeniyle minnettar olduğunu ifade eden şerif pakistan türkiye arasındaki bağların parlak müreffeh bir gelecek inşa etmek amacıyla çalışırken büyümeye devam etmesi temennisinde bulundu başkan erdoğan şahbaz şerifin teşekkürüne sözlerle karşılık verdi dünya üzerinde pek millete nasip olan türkiyepakistan kardeşliği hakiki dostluğun güzel örneklerinden biridir türkiye olarak pakistanın barış huzur istikrarına büyük önem atfediyoruz pakistan devletinin sağduyulu sabırlı ihtilafların çözümünde diyaloğa uzlaşıya öncelik veren politikasını takdirle karşılıyoruz geçmişte olduğu gelecekte iyi kötü günlerinizde sizlerin yanında olmaya devam edeceğiz sizlerin şahsında dost kardeş pakistanı kalb muhabbetlerimle selamlıyorum haber kaynak sabahcomtr yayınlanan haber diğer içerikler ilgili olarak yasal bildirimlerinizi bize iletişim sayfası üzerinden iletiniz kısa süre içerisinde bildirimlerinize geri dönüş sağlanılacaktır,pakistan başbakanı şerif sosyal medya hesabı xten yaptığı paylaşımda pakistanın türkiye uzun süredir devam eden kardeşlik bağlarından gurur duyduğunu belirtti,Cumhurbaşkanı Recep Tayyip Erdoğanın Pakistan Devlet Başkanı Şahbaz Şerifin teşekkürüyle Pakistan başbakanı şerif şahbaz şerif sosyal medya hesabından yaptığı paylaşımda başkan erdoğanın 'kardeşlik bağlarından gurur duyduğunu' söyledi.
nisan çarşamba günü meydana gelen büyüklüğündeki depremin ardından tedirginlik yaşayan i̇stanbullular sarsıntılarla adeta diken üstünde megakentte sabah saatlerinde hissedilen depremin ardından akşam saatlerinde bir başka deprem meydana geldi afad verilerine göre saat marmara denizinde silivri açıklarında büyüklüğünde bir sarsıntı kaydedildi depremin yerin kilometre derinliğinde gerçekleştiği bildirildi sabah saatlerinde kent sarsılmıştı afad saat marmara denizi büyükçekmece açıklarında büyüklüğünde bir deprem meydana geldiğini duyurmuştu sarsıntının yerin kilometre derinliğinde olduğu belirtimişti haber kaynak sabahcomtr yayınlanan haber diğer içerikler ilgili olarak yasal bildirimlerinizi bize iletişim sayfası üzerinden iletiniz kısa süre içerisinde bildirimlerinize geri dönüş sağlanılacaktır,nisan çarşamba günü meydana gelen büyüklüğündeki depremin ardından tedirginlik yaşayan i̇stanbullular sarsıntılarla adeta diken üstünde megakentte sabah saatlerinde hissedilen depremin ardından akşam saatlerinde bir başka deprem meydana geldi,sabah saatlerinde saat marmara denizi büyükçekmece açıklarında büyüklüğünde bir deprem meydana geldi. afad verilerine göre yerin kilometre derinliğinde gerçekleştiği bildirildi
ti̇caret bakanı ömer bolat terör örgütü pkknın fesih silah bırakma kararına ilişkin devlet aklı milli birlik şuuruyla yürütülen süreç ülkemize kalıcı güven huzur ortamı kazandırmış cumhur i̇ttifakının samimi titiz yönetimiyle milletimizin topyekun dayanışmasını pekiştirmiştir iklimde enerjimizi artık çatışmaya değil üretim ihracat yatırım istihdama yönlendireceğiz dedi bakan bolat sosyal medya hesabı üzerinden yaptığı açıklamada cumhurbaşkanımız sayın recep tayyip erdoğanın kararlı liderliği milliyetçi hareket partisi genel başkanı sayın devlet bahçelinin tarihi duruşuyla ortaya konan irade terörsüz türkiye idealini gerçeğe dönüştürmüştür devlet aklı milli birlik şuuruyla yürütülen süreç ülkemize kalıcı güven huzur ortamı kazandırmış cumhur i̇ttifakının samimi titiz yönetimiyle milletimizin topyekun dayanışmasını pekiştirmiştir iklimde enerjimizi artık çatışmaya değil üretim ihracat yatırım istihdama yönlendireceğiz ticaret bakanlığı olarak türkiye yüzyılı vizyonu doğrultusunda yeni pazarlar açacak küresel tedarik zincirlerindeki konumumuzu güçlendirecek turizmden kültüre alanlarda kalkınma hamlemizi hızlandıracağız aziz şehitlerimizi rahmetle kahraman gazilerimizi minnetle anıyor barışın sunduğu büyük imkanı milletimizin refahı etkin şekilde değerlendireceğimizi vurguluyorum ifadelerine yer verildi haber kaynak sondakıkacom yayınlanan haber diğer içerikler ilgili olarak yasal bildirimlerinizi bize iletişim sayfası üzerinden iletiniz kısa süre içerisinde bildirimlerinize geri dönüş sağlanılacaktır,ti̇caret bakanı ömer bolat terör örgütü pkknın fesih silah bırakma kararına ilişkin devlet aklı milli birlik şuuruyla yürütülen süreç ülkemize kalıcı güven huzur ortamı kazandırmış cumhur i̇ttifakının samimi titiz yönetimiyle milletimizin topyekun dayanışmasını pekiştirmiştir iklimde enerjimizi artık çatışmaya değil üretim ihracat yatırım istihdama yönlendireceğiz dedi,ticaret bakanı ömer bolat terör örgütü pkknın fesih silah bırakma kararına ilişkin devlet aklı milli birlik şuuruyla yürütülen süreç ülkemize kalıcı güven huzur ortamı kazandırmış olduğunu söyledi.
tem otoyolunun i̇zmit geçişinde durdurulan bir tırın dorsesinde yapılan aramada balyaların arasına gizlenmiş bin paket kaçak sigara ele geçirildi kocaeliemniyet müdürlüğükaçakçılık organize suçlarla mücadele şubesi ekipleri kaçakçılığın men takibine yönelik yaptıkları çalışmalarda act plakalı tırı tem otoyolu i̇stanbul istikametinde durdurdu sürücüyü gözaltına alan ekipler dorsede arama yaptı saman balyalarının arasına gizlenmiş kolilerde yapılan kontrollerde bin paket gümrük kaçağı sigara ele geçirildi olayla ilgili bir şüpheli şahıs hakkında sayılı kanuna muhalefet suçundan adli işlem yapıldı kocaeli̇ haber kaynak sondakıkacom yayınlanan haber diğer içerikler ilgili olarak yasal bildirimlerinizi bize iletişim sayfası üzerinden iletiniz kısa süre içerisinde bildirimlerinize geri dönüş sağlanılacaktır,tem otoyolunun i̇zmit geçişinde durdurulan bir tırın dorsesinde yapılan aramada balyaların arasına gizlenmiş bin paket kaçak sigara ele geçirildi,Organize suçlarla mücadele şubesi ekipleri tem otoyolunun izmit geçişinde durdurulan bir tırın dorsesinde yapılan aramada bin paket gümrük kaçağı sigara ele geçirildi
ulaştırma altyapı bakanı abdulkadir uraloğlu terör örgütü pkknın fesih silah bırakma kararına ilişkin şimdi terörün değil barışın sesi yükselecek türkiye kazanacak milletimiz kazanacak dedi bakan uraloğlu sosyal medya hesabından yaptığı açıklamada terörsüz türkiye artık hayal değil ortak irademizle inşa edilen güçlü bir gerçekliğe dönüşüyor cumhur i̇ttifakı olarak tarihi süreci samimiyetle titizlikle yönetiyoruz devlet aklı milli birlik şuuru yeni dönemde enerjimizi çatışmaya değil fazla kalkınmaya büyümeye yatırıma harcayacağız kaynaklarımızı etkin kullanacağız şimdi terörün değil barışın sesi yükselecek türkiye kazanacak milletimiz kazanacak ifadelerini kullandı haber kaynak sondakıkacom yayınlanan haber diğer içerikler ilgili olarak yasal bildirimlerinizi bize iletişim sayfası üzerinden iletiniz kısa süre içerisinde bildirimlerinize geri dönüş sağlanılacaktır,ulaştırma altyapı bakanı abdulkadir uraloğlu terör örgütü pkknın fesih silah bırakma kararına ilişkin şimdi terörün değil barışın sesi yükselecek türkiye kazanacak milletimiz kazanacak dedi,ulaştırma altyapı bakanı  Abdulkadir uraloğlu terör örgütü pkknın fesih silah bırakma kararına ilişkin şimdi terörün değil barışın sesi yükselecek dedi
sanayi̇ teknoloji bakanı mehmet fatih kacır cumhurbaşkanımız sayın recep tayyip erdoğanın liderliğinde sayın devlet bahçelinin desteği kararlı duruşuyla hayata geçen terörsüz türkiye türkiye yüzyılı yolculuğumuzda tarihi bir adım sürecin başarıyla tamamlanması türkiyenin kalkınmasını yükselişini hızlandıracak dedi bakan kacır sosyal medya hesabı üzerinden yaptığı açıklamada cumhurbaşkanımız sayın recep tayyip erdoğanın liderliğinde sayın devlet bahçelinin desteği kararlı duruşuyla hayata geçen terörsüz türkiye türkiye yüzyılı yolculuğumuzda tarihi bir adım sürecin başarıyla tamamlanması türkiyenin kalkınmasını yükselişini hızlandıracak süreç sadece ülkemiz bir kazanım değil bölgenin huzuru istikrarı tarihi bir fırsat niteliğinde şimdi milyon birlikte tek yürek omuz omuza büyük güçlü türkiye fazla çalışma zamanı ifadelerini kullandı haber kaynak sondakıkacom yayınlanan haber diğer içerikler ilgili olarak yasal bildirimlerinizi bize iletişim sayfası üzerinden iletiniz kısa süre içerisinde bildirimlerinize geri dönüş sağlanılacaktır,sanayi̇ teknoloji bakanı mehmet fatih kacır cumhurbaşkanımız sayın recep tayyip erdoğanın liderliğinde sayın devlet bahçelinin desteği kararlı duruşuyla hayata geçen terörsüz türkiye türkiye yüzyılı yolculuğumuzda tarihi bir adım sürecin başarıyla tamamlanması türkiyenin kalkınmasını yükselişini hızlandıracak dedi,sanayi ve teknoloji bakanı m Ahmet fatih kacır 'Türkiye yüzyılı yolculuğunun başarıyla tamamlanması tarihi bir adım niteliğinde şimdi milyon birlikte tek yürek omuz omuza büyük güçlü t Türkiye fazla çalışma zamanı ifadesini kullandı.
tbmm başkanı numan kurtulmuş terör örgütü pkknın fesih silah bırakma kararının memnuniyet verici olduğunu belirterek terörsüz türkiye halkımızın katılımıyla meclisimizin iradesinde hepimizin ortak sorumluluğunda yeşerecektir terörsüz türkiyenin kazananı milletimiz olacaktır dedi tbmm başkanı numan kurtulmuş sosyal medya hesabı üzerinden yaptığı açıklamada milletimiz terörden tamamen kurtulmak demokratik siyasetin zeminini güçlendirmek üzere yeni bir eşiğe gelmiştir bugün yapılan açıklamada silahlı dönemin sona erdiğinin ifade edilmesi memnuniyet vericidir adımların hızlıca hiçbir tereddüde mahal bırakmadan tamamlanması toplumsal barışa giden yolun önünü açabilecek bir fırsattır terörün şiddetin meşruiyeti yoktur topraklarda barışı adaleti özgür düşünceyi istisnasız şekilde egemen kılmak milletimize olan borcumuzdur silahın gölgesinde çözüm arayışı dün olduğu bugün hükümsüzdür halkın kesiminin kendini emin onurlu hissettiği bir ortam siyaset kurumu yargı yasama yürütme erkleriyle birlikte sorumlulukla hareket etmek zorundadır süreç sadece türkiyenin değil bölgenin huzuru istikrarı tarihi bir imkandır terörsüz türkiye halkımızın katılımıyla meclisimizin iradesinde hepimizin ortak sorumluluğunda yeşerecektir terörsüz türkiyenin kazananı milletimiz olacaktır şiddetsiz bir gelecek çoğulcu bir demokrasi adına açılan kapı milletimizin umutlarını büyütmeli siyaset kurumu umudu karşılıksız bırakmamalıdır yeni dönemin ülkemizde kalıcı barışa demokratikleşmeye huzur ortamına katkı sunmasını temenni ediyorum birlik kardeşlik ruhu güçlü yarınlara yürümek dileğiyle milletimize hayırlı olsun ifadelerine yer verdi haber kaynak sondakıkacom yayınlanan haber diğer içerikler ilgili olarak yasal bildirimlerinizi bize iletişim sayfası üzerinden iletiniz kısa süre içerisinde bildirimlerinize geri dönüş sağlanılacaktır,tbmm başkanı numan kurtulmuş terör örgütü pkknın fesih silah bırakma kararının memnuniyet verici olduğunu belirterek terörsüz türkiye halkımızın katılımıyla meclisimizin iradesinde hepimizin ortak sorumluluğunda yeşerecektir terörsüz türkiyenin kazananı milletimiz olacaktır dedi,Türkiye Büyük Millet Meclisi (TBMM) Genel Kurulu'nda silahlı dönemin sona erdiğini açıkladı terör örgütü pkknın fesih kararının memnuniyet verici olduğunu söyledi
ağrıda polis ekiplerince nisan mayıs aylarında gerçekleştirilen operasyonlarda çeşitli hırsızlık suçlarından haklarında kesinleşmiş hapis cezası bulunan hükümlü yakalandı edinilen bilgiye göre i̇l emniyet müdürlüğü asayiş şube müdürlüğü ekiplerince nisan mayıs aylarında il genelinde haklarında arama kararı bulunan şahıslara yönelik operasyonlar düzenlendi yapılan çalışmalarda il merkezinde hırsızlık suçundan yıl ay gün patnos ilçesinde hırsızlık dolandırıcılık suçlarından yıl ay kesinleşmiş hapis cezası bulunan hükümlülerin aralarında bulunduğu kişi yakalandı yakalanan hükümlülerin toplamda yıl gün kesinleşmiş hapis cezası bulunduğu belirtildi şahıslar emniyetteki işlemlerinin ardından ceza infaz kurumuna teslim edildi ağrı haber kaynak sondakıkacom yayınlanan haber diğer içerikler ilgili olarak yasal bildirimlerinizi bize iletişim sayfası üzerinden iletiniz kısa süre içerisinde bildirimlerinize geri dönüş sağlanılacaktır,ağrıda polis ekiplerince nisan mayıs aylarında gerçekleştirilen operasyonlarda çeşitli hırsızlık suçlarından haklarında kesinleşmiş hapis cezası bulunan hükümlü yakalandı,ağrıda polis ekiplerince nisan mayıs aylarında gerçekleştirilen operasyonlarda çeşitli hırsızlık suçlarından haklarında kesinleşmiş hapis cezası bulunan hükümlü yakalandı
trendyol süper ligin haftasında konuk olduğu kayserispora yenilen onvo antalyasporun teknik direktörü emre belözoğlu deplasman performanslarının sene kendileri adına büyük bir hayal kırıklığı olduğunu söyledi maçın ardından konuşan belözoğlu ligin sonuna geldiklerini hatırlatarak puanın değerli olduğunu oyuncularına emeklerinden dolayı teşekkür etti çalıştıklarını anlatan belözoğlu bence deplasman adına kötü bir performans üzgünüm bunun değişeceğini düşünmüyorum önümüzde maçımız var maçları kazanmak istiyoruz dedi bir gazetecinin hocam maça ilginç bir dizilişle başladınız sonra değişikliği savunma yaptınız düşünüyorsunuz sorusuna belözoğlu deplasmanda biraz sert bir oyun oynamaları gerektiğini söyledi sahada değişiklik yaptığını anlatan belözoğlu şunları kaydetti alandan adama savunmayı bir hafta boyunca çalıştık bugün elimizde maçtan sonra bir geri bildirim yapsam maksimum tane tane alandan adama gittiğimiz doğru görüntü vardır çalıştığımızın karşılığı olacak oyunu oynamama konusu beni üzen konu skorlardan yaptığımız bireysel hatalardan öte çalıştığımızın karşıma çıkmaması benim adıma büyük bir hayal kırıklığı özellikle ilk yediğimiz gol tamamen teknik ekibin benim hatam karşılığında attığımız gol yine teknik ekibin çalışması olan bir gol futbol hatalar oyunu sadece oyuncular hata yapmıyor hatalar yapıyoruz deplasman performansı sene bizim adımıza büyük bir hayal kırıklığı bir diğer gazetecinin hakemin performansı hakkında düşüncelerini sorması üzerine belözoğlu arda kardeşler benim beğenmediğim bir hakem zaten onunla alakalı derin konuşmama gerek yok zaten arda kardeşler kötü bir hakem ifadelerini kullandı haber kaynak sondakıkacom yayınlanan haber diğer içerikler ilgili olarak yasal bildirimlerinizi bize iletişim sayfası üzerinden iletiniz kısa süre içerisinde bildirimlerinize geri dönüş sağlanılacaktır,trendyol süper ligin haftasında konuk olduğu kayserispora yenilen onvo antalyasporun teknik direktörü emre belözoğlu deplasman performanslarının sene kendileri adına büyük bir hayal kırıklığı olduğunu söyledi,süper ligin haftasında konuk olduğu kayserispora yenilen onvo antalyasporun teknik direktörü emre belözoğlu deplasman performanslarının sene kendileri adına büyük bir hayal kırıklığı olduğunu söyledi
türki̇yenin trablus büyükelçiliği milli birlik hükümeti i̇çişleri bakanlığı tarafından vatandaşların evlerinde kalmaları uyarısını hatırlatarak türk vatandaşların uyarıya riayet etmesini istedi büyükelçilikten yapılan yazılı açıklamada değerli vatandaşlarımız trablus çevresinde yaşanan son gelişmeler bağlamında milli birlik hükümeti i̇çişleri bakanlığı tarafından vatandaşların evlerinde kalmaları uyarısında bulunulmuştur vatandaşlarımızın uyarıya riayet etmesi önemle istirham olunur denildi acil durumlar halinde vatandaşların irtibat numarasından konsolosluk çağrı merkezine ulaşılabilecekleri belirtildi haber kaynak sondakıkacom yayınlanan haber diğer içerikler ilgili olarak yasal bildirimlerinizi bize iletişim sayfası üzerinden iletiniz kısa süre içerisinde bildirimlerinize geri dönüş sağlanılacaktır,türki̇yenin trablus büyükelçiliği milli birlik hükümeti i̇çişleri bakanlığı tarafından vatandaşların evlerinde kalmaları uyarısını hatırlatarak türk vatandaşların uyarıya riayet etmesini istedi,Türkiye'nin başkenti Trablus'ta Türkiyenin büyükelçiliği acil durumlar nedeniyle vatandaşlarının evlerinde kalmaları uyarısını hatırlatarak Türk vatandaşların uyarıya riayet etmesini istedi.
kayserispor teknik direktörü sergej jakirovic antalyaspor galibiyetinin ardından yaptığı açıklamada ana hedefimiz olan ligde kalma adına önemli bir adım attık dedi trendyol süper ligin haftasında kayserispor sahasında karşılaştığı antalyasporu mağlup etti maçın ardından düzenlenen basın toplantısında konuşan kayserispor teknik direktörü sergej jakirovic oyuncularımı tebrik etmek istiyorum bugün iyi bir oyun ortaya koydular sahada iyi mücadele ettiler önemli bir puanı bugün hanemize kazandırdık maç boyunca iyi oynadığımızı söyleyebilirim özellikle ikinci yarı iyi oynadık fazla gol pozisyonuna girdik ana hedefimiz olan ligde kalma adına önemli bir adım attık dolayısıyla bugün galibiyetten dolayı tatmin oldum konuştu kayseri̇ haber kaynak sondakıkacom yayınlanan haber diğer içerikler ilgili olarak yasal bildirimlerinizi bize iletişim sayfası üzerinden iletiniz kısa süre içerisinde bildirimlerinize geri dönüş sağlanılacaktır,kayserispor teknik direktörü sergej jakirovic antalyaspor galibiyetinin ardından yaptığı açıklamada ana hedefimiz olan ligde kalma adına önemli bir adım attık dedi,süper ligin haftasında kayserispor sahasında karşılaştığı antalyasporu mağlup ederek ligde kalma adına önemli bir adım attığını açıkladı.
cumhurbaşkanı yardımcısı cevdet yılmaz kurucusu tarafından terör örgütüne fesih silahları bırakma çağrısı yapılması önemli bir sürecin başladığını örgütün kendisini feshetmesi silahları bırakma kararı süreçte yeni kıymetli bir aşamaya geçildiğini belirterek tarihi bir inisiyatif olan terörsüz türkiye dar siyasi hesaplara popülist söylemlere kurban edilmemelidir dedi cumhurbaşkanı yardımcısı cevdet yılmaz terör örgütü pkknın fesih silah bırakma kararına ilişkin sosyal medya hesabından açıklamada bulundu yılmaz cumhurbaşkanı recep tayyip erdoğan tarafından ortaya konulan türkiye yüzyılı vizyonu iç cepheyi güçlendirme ihtiyacı devlet bahçeli tarafından yapılan tarihi çağrının terörsüz türkiye hedefini öncelik haline getirdiğini belirterek kurucusu tarafından terör örgütüne fesih silahları bırakma çağrısı yapılması önemli bir süreç başlamıştır örgütün kendisini feshetmesi silahları bırakma kararı süreçte yeni kıymetli bir aşamaya geçilmiştir i̇lgili devlet kurumlarımızın titiz çalışmaları sahadaki gelişmeler yakından takip edilecektir terörsüz türkiye hedefinin tam anlamıyla başarıya ulaşması yönlü titiz çalışmalarımızı sürdüreceğiz süreçte olabilecek provokasyonlara süreci engelleme gayretlerine karşı uyanık olmak hızlı kararlı hareket etmek önem taşımaktadır silahların bırakılması terör tehdidinin ortadan kalkması ülkemizin demokratik standartlarını kalkınmasını yükseltmek büyük imkanlar doğacaktır ifadelerini kullandı bölücülük ayrımcılık yapanlar kaybedecekti̇r yılmaz terörsüz ortamda demokratik siyasetin güç kazanacağını belirterek milli birlik içinde farklılıklara saygı duyulan bir ortamda tarihi kader ortaklığımız kardeşliğimiz kazanacaktır türk kürt sünni alevi milyon kazanacaktır bölücülük ayrımcılık yapanlar kaybedecektir sadece ülkemizde değil bölgemizde istikrarı güçlendirecek süreç emperyalist tuzakları boşa çıkarırken güçlü büyük türkiye gerçeğini görünür kılacaktır ülkemizin tarihi döneminde cumhur i̇ttifakının yanı sıra gazi meclisimizde temsil edilen siyasi görüşlerden partilerin sivil toplumun desteği önem taşımaktadır vesile terörle mücadelede büyük fedakarlığı yapan aziz şehitlerimizi rahmetle anıyor gazilerimizi şehit gazi yakınlarımıza şükranlarımızı sunuyoruz keşke rahmetli sırrı süreyya önder büyük emek katkı verdiği sürecin geldiği aşamayı görebilseydi tarihi bir inisiyatif olan terörsüz türkiye dar siyasi hesaplara popülist söylemlere kurban edilmemelidir dedi haber kaynak sondakıkacom yayınlanan haber diğer içerikler ilgili olarak yasal bildirimlerinizi bize iletişim sayfası üzerinden iletiniz kısa süre içerisinde bildirimlerinize geri dönüş sağlanılacaktır,cumhurbaşkanı yardımcısı cevdet yılmaz kurucusu tarafından terör örgütüne fesih silahları bırakma çağrısı yapılması önemli bir sürecin başladığını örgütün kendisini feshetmesi silahları bırakma kararı süreçte yeni kıymetli bir aşamaya geçildiğini belirterek tarihi bir inisiyatif olan terörsüz türkiye dar siyasi hesaplara popülist söylemlere kurban edilmemelidir dedi,Cumhuriyet Halk Partisi (CHP) Genel Başkanı Devlet Bahçeli tarafından yapılan tarihi çağrının terör örgütüne fesih silahları bırakma kararına ilişkin sosyal medya hesabından açıklama yaptı.
dünyanın kazandıran yarışma programlarından olan milyoner olmak i̇ster hafta olduğu hafta izleyicileri ekran başına kilitledi oktay kaynarcanın sunumuyla ekranlara gelen yarışma bugün yarışmacıların başarılı performansıyla ilgi topladı başarılı performans sergi̇ledi̇ yarışmaya katılan albino hastası yasin erdoğan başarılı performansıyla dikkat çeken yarışmacılar arasında yer aldı çocukken sıkıntı çekti̇m yarışmacı hastalığıyla başa çıktığına değindi erdoğan bana uzaylı muamelesi yapıyorlardı ben okulda hakkımı korudum hastalığın nedeni pigment eksikliğinden kaynaklanıyor çocukken sıkıntı çektim an memnunum bardağın dolu tarafından bakmaya çalışıyorum ifadelerini kullandı milyonerde albino hastası yarışmacı yaşadığı zorlukları böyle anlattı baraj sorularını başarıyla geçti̇ yarışmacı birinci ikinci baraj sorularını başarıyla geçti haber kaynak sabahcomtr yayınlanan haber diğer içerikler ilgili olarak yasal bildirimlerinizi bize iletişim sayfası üzerinden iletiniz kısa süre içerisinde bildirimlerinize geri dönüş sağlanılacaktır,dünyanın kazandıran yarışma programlarından olan milyoner olmak i̇ster hafta olduğu hafta izleyicileri ekran başına kilitledi,Dünyanın kazandıran yarışma programlarından olan milyoner olmak íster hafta olduğu  Hafta izleyicileri ekran başına kilitledi. yarışmaya katılan albino hastası yasin erdoğan başarılı performansıyla dikkat çekti.
hülya avşar sene kıbrısta gerçekleşen hülya avşar cup tenis turnuvasında maç öncesi kktc cumhurbaşkanı ersin tatar bir araya geldi soruları yanıtlayan ikiliden tatar hülya hanım sene önce beraber çalışmıştık başarılı bir şekilde devam ediyor böyle uzun süreli başarı herkese nasip olmaz dedi avşar kıbrısta öyle yerleri gezdirdiler bana aşık oldum kıbrısa turnuvamız güzel hazırlanmış i̇nşallah sene yapacağız konuştu ünlü sanatçı hakan altun düet yaptığı ahım olsun şarkısı hakkında hakan yaptığımız düetimiz kısa sürede beğenildi bizi mutlu ediyor dedi haber kaynak sabahcomtr yayınlanan haber diğer içerikler ilgili olarak yasal bildirimlerinizi bize iletişim sayfası üzerinden iletiniz kısa süre içerisinde bildirimlerinize geri dönüş sağlanılacaktır,hülya avşar sene kıbrısta gerçekleşen hülya avşar cup tenis turnuvasında maç öncesi kktc cumhurbaşkanı ersin tatar bir araya geldi,Güney Kıbrıs'ta düzenlenen avşar cup tenis turnuvasında maç öncesi kkc cumhurbaşkanı ersin tatar bir araya geldi soruları yanıtlayan ikiliden tatar hülya hanım sene önce beraber çalışmıştık başarılı bir şekilde devam ediyor.
herkese merhaba i̇dilikanın mutfağında bugün hiçbirimizin kolay kolay hayır diyemeyeceği yaz ayları yaklaşırken manav tezgahlarında yerini alan yeşil erik var i̇ster tuzla yiyin ister sade kütür kütür yeşil erik hepimizin vazgeçilmezidir peki yeşil erik sadece meyve olarak tüketiliyor hayır ekşi yeşil erik sürpriz bir şekilde et yemeklerine yakışıyor yemeklere kendine has mayhoş bir lezzet katıyor ben bugün sizlere mardin mutfağının mihenk taşlarından olan erikle yapılan alluciye yemeğinin tarifini veriyorum gaziantep yöresine ait erik tavasını anlatıyorum erik tavası bana göre ekşili et yemeklerinde lezzet olarak başı çekiyor kışın ayva yapılan yemek yemyeşil ekşi erikler nefis bir hal alıyor son olarak ev yapımı bir erik turşusu tarifi veriyorum sizlere erik turşusu davetler şahane bir aperatif bence bugünlük benden kadar bana istediğiniz zaman com tr adresinden ulaşabilirsiniz mutlu sofralarda buluşabilmek dileği eri̇k tavası malzemele kg iri yeşil erik gr kuşbaşı et adet kuru soğan yemek kaşığı domates salçası yemek kaşığı biber salçası baş taze sarımsak yemek kaşığı sade yağ tereyağı yemek kaşığı şeker tatlı kaşığı tuz çay kaşığı karabiberyapılışıöncelikle eti kendi suyunu salıp çekene kadar pişiriyoruz soğanı yemeklik doğruyoruz suyunu tamamen çekmiş etin üstüne sade yağ tereyağı doğranmış soğanı ekliyoruz soğanlar şeffaflaşıp yumuşayıncaya kadar kavuruyoruz domates biber salçalarını kavrulan et soğana ekleyip ezerek karıştırıyoruz etin üstünü ancak geçecek kadar su koyuyoruz tuzu ekleyerek pişmeye bırakıyoruz et iyice yumuşayana kadar yaklaşık bir saat kısık ateşte pişiriyoruz eriklerin çekirdeklerini ayıklayarak iri parçalar haline doğruyoruz bütün olarak bırakıyoruz burası sizin zevkinize kalmış etin pişmesine yakın sarımsakları ekliyoruz et iyice yumuşayınca erikleri şekeri ekliyoruz kısık ateşte erikler diriliğini kaybedene kadar pişirmeye devam ediyoruz karabiber ekleyerek servis ediyoruz eri̇k turşusu malzemeler kilo can eriği litre üzüm sirkesi yemek kaşığı tuz kaşık şeker kaşık limon tuzu baş sarımsak litre suyapılışıerikleri dört beş yerinden çiziyoruz turşu kabına alıyoruz sarımsakları soyup bütün bütün içine atıyoruz diğer malzemeleri bir kapta karıştırıp turşu kabına ekleyerek buzdolabında bir hafta beklettikten sonra servis ediyoruz alluci̇ye malzemeler kg kemikli kuzu eti gram kıyma kase pirinç kg yeşil erik bağ taze soğan bağ maydanoz tatlı kaşığı karabiberyapılışıkemikli kuzu etini iki tatlı kaşığı tuz birlikte haşlıyoruz i̇ki bağ taze soğanı iki bağ maydanozu incecik doğruyoruz ıslattığımız pirinci süzüp rondoda çekiyoruz gram kıymayı çekip pirinçle karıştırıyoruz bir tatlı kaşığı karabiber serperek harcı yoğuruyoruz misket büyüklüğünde köfteler hazırlıyoruz haşlanıp suyunu çeken etleri bir çay bardağı sıvı yağ ilavesi kavuruyoruz ardından sıcak su ekleyip pişiriyoruz yuvarladığımız misket köfteleri başka bir tavada kızartıyoruz haşlanan et doğradığımız maydanoz taze soğanları buluşturuyoruz kızarttığımız köfteleri haşladığımız kemikli etle pişiriyoruz erikleri süzgece alıp etin piştiği tencerenin üzerinde buharda pişiriyoruz yumuşayan erikleri ezerek püre haline getirip diğer malzeme buluşturup pişiriyoruz pişerken bir avuç bütün eriği yemeğin içine bırakıyoruz haber kaynak sabahcomtr yayınlanan haber diğer içerikler ilgili olarak yasal bildirimlerinizi bize iletişim sayfası üzerinden iletiniz kısa süre içerisinde bildirimlerinize geri dönüş sağlanılacaktır,herkese merhaba i̇dilikanın mutfağında bugün hiçbirimizin kolay kolay hayır diyemeyeceği yaz ayları yaklaşırken manav tezgahlarında yerini alan yeşil erik var i̇ster tuzla yiyin ister sade kütür kütür yeşil erik hepimizin vazgeçilmezidir peki yeşil erik sadece meyve olarak tüketiliyor hayır ekşi yeşil erik sürpriz bir şekilde et yemeklerine yakışıyor yemeklere kendine has mayhoş bir lezzet katıyor ben bugün sizlere mardin mutfağının mihenk taşlarından olan erikle yapılan alluciye yemeğinin tarifini veriyorum gaziantep yöresine ait erik tavasını anlatıyorum erik tavası bana göre ekşili et yemeklerinde lezzet olarak başı çekiyor kışın ayva yapılan yemek yemyeşil ekşi erikler nefis bir hal alıyor son olarak ev yapımı bir erik turşusu tarifi veriyorum sizlere erik turşusu davetler şahane bir aperatif bence bugünlük benden kadar bana istediğiniz zaman com tr adresinden ulaşabilirsiniz mutlu sofralarda buluşabilmek dileği,"erik turşusu tarifi : Mahmut Hamsici , Fatih Çağlayan, İsmail Einacer, Osmanlı Devleti Başkanı Hüseyin Esad"
türk sinemasının ünlü ismi müjde ar önceki akşam etilerde görüntülendi karşısında bir anda gazetecileri gören oyuncu kısa süreli şok yaşadı ar yaşadığı panikle gazetecilere hakaretler ederek üzerlerine yürüdü ünlü oyunu kendisini görüntüleyen basın mensuplarına kimsiniz üzerime geliyorsunuz basın mensubu olduğunuzu nereden bileyim diyerek bağırdı gazeteciler ara elimizdeki mikrofonları görüyorsunuz yanıt verirken ar bir muhabirinin yakasını tutarak hakaretlerine devam etti çevredekiler oyuncunun hareketine bir anlam veremeyerek şaşkınlık içinde durumu izledi haber kaynak sabahcomtr yayınlanan haber diğer içerikler ilgili olarak yasal bildirimlerinizi bize iletişim sayfası üzerinden iletiniz kısa süre içerisinde bildirimlerinize geri dönüş sağlanılacaktır,türk sinemasının ünlü ismi müjde ar önceki akşam etilerde görüntülendi karşısında bir anda gazetecileri gören oyuncu kısa süreli şok yaşadı ar yaşadığı panikle gazetecilere hakaretler ederek üzerlerine yürüdü,sabah: Türk sinemasının ünlü ismi müjde ar'ın etilerde görüntülendi karşısında gazetecileri gören oyuncu kısa süreli şok yaşadı ve üzerlerine yürüdü
koray avcı kanada avrupa turnesinden döner dönmez soluğu kıbrısta aldı ünlü şarkıcı sahne öncesi şunları söyledi kanada i̇ngiltere hollanda konserlerimiz harikaydı şeyler anlatılmaz yaşanır konserler vererek dünyayı gezmeye devam edeceğim haber kaynak sabahcomtr yayınlanan haber diğer içerikler ilgili olarak yasal bildirimlerinizi bize iletişim sayfası üzerinden iletiniz kısa süre içerisinde bildirimlerinize geri dönüş sağlanılacaktır,koray avcı kanada avrupa turnesinden döner dönmez soluğu kıbrısta aldı ünlü şarkıcı sahne öncesi şunları söyledi kanada i̇ngiltere hollanda konserlerimiz harikaydı şeyler anlatılmaz yaşanır konserler vererek dünyayı gezmeye devam edeceğim,"Dünyanın en ünlü şarkıcılarından biri olarak gösterilen koray avcı Mustafa Kemal Atatürk, İngiltere'nin başkenti Londra'da canlı yayında konser vererek dünyayı gezmeye devam edeceğini söyledi."
eski futbolcu nihat kahveci te hayatını pınar kaşgörenle birleştirmiş çiftin birliktelikten zsk ek isimli iki çocuğu dünyaya gelmişti te taraflar boşanmış çocukların velayeti anneye verilmişti ancak geçtiğimiz günlerde eski eşler arasında kaos çıkmış kaşgören ünlü futbolcu hakkında uzaklaştırma kararı çıkartmıştı sözleri̇ suç teşki̇l edi̇yorgünaydının gündeme getirdiği kararın ardından kaşgörenden yeni hamle geldi kaşgören eski eşi hakkında suç duyurusunda bulundu eski eş boşanmanın ardından kahveci çocuklar arasında süren ilişkinin psikolojik şiddet döngüsüne dönüştüğünü anlattı kahvecinin çocuklara yönelik salaksın öküzüm ifadeleri sistematik kullandığını iddia eden kaşgören ifadelerin yalnızca ahlaki değil hukuki açıdan suç teşkil ettiğini savundu suç duyurusunda salak benzeri ifadelerin küçük düşürücü onur kırıcı kişilik haklarını zedeleyici nitelikte olduğu çocuklara karşı kullanıldığında etkisinin ağır olduğu belirtildi ayrıca sadece bireysel hakaret suçu değil çocuk hakları pedagojik güvenliğin ihlali boyutunun göz önünde bulundurulması gerektiği kaydedildi baba hakkında resen soruşturma başlatılması çocukların korunmasına yönelik tedbirlerin sürdürülmesi istendi onur kırıcı i̇fadelerdilekçede yargıtayın farklı dairelerinin benzer ifadelerle ilgili emsal kararlarına yer verildi yargıtay ceza dairesinin sayılı kararında salak geri zeklı sözlerin kaba söz değil kişinin onurunu zedeleyen nitelikte hakaret olduğunun kaydedildiği aynı şekilde yargıtay ceza dairesinin sayılı kararında salak ifadesinin mağdura yönelik hakaret suçu teşkil ettiğinin vurgulandığı söylendi psi̇koloji̇kşi̇ddet uyguluyordikekçede nihat kahvecinin çocuklara yönelik küçük düşürücü hakaret içeren devamlı söylemleri nedeniyle çocuklar adına uzaklaştırma kararı verildiği kahvecinin çocuklara karşı fiziksel değilse psikolojik şiddet uyguladığı nedenle koruma tedbirlerinin uygulanması gerektiğinin altı çizildi haber kaynak sabahcomtr yayınlanan haber diğer içerikler ilgili olarak yasal bildirimlerinizi bize iletişim sayfası üzerinden iletiniz kısa süre içerisinde bildirimlerinize geri dönüş sağlanılacaktır,eski futbolcu nihat kahveci te hayatını pınar kaşgörenle birleştirmiş çiftin birliktelikten zsk ek isimli iki çocuğu dünyaya gelmişti te taraflar boşanmış çocukların velayeti anneye verilmişti ancak geçtiğimiz günlerde eski eşler arasında kaos çıkmış kaşgören ünlü futbolcu hakkında uzaklaştırma kararı çıkartmıştı,"Cumhurbaşkanı Recep Tayyip Erdoğan'ın İstanbul Büyükşehir Belediye Başkan Yardımcısı olarak görev yapan pınar kaşgören, ünlü futbolcu nihat kahvecinin çocuklara yönelik salak ifadeleri nedeniyle uzaklaştırma kararı çıkarttığı gerekçesiyle baba hakkında soruşturma başlatıldı"
hülya avşar sene kıbrısta gerçekleşen hülya avşar cup tenis turnuvasında maç öncesi kktc cumhurbaşkanı ersin tatar bir araya geldi soruları yanıtlayan ikiliden tatar hülya hanım sene önce beraber çalışmıştık başarılı bir şekilde devam ediyor böyle uzun süreli başarı herkese nasip olmaz dedi avşar kıbrısta öyle yerleri gezdirdiler bana aşık oldum kıbrısa turnuvamız güzel hazırlanmış i̇nşallah sene yapacağız konuştu ünlü sanatçı hakan altun düet yaptığı ahım olsun şarkısı hakkında hakan yaptığımız düetimiz kısa sürede beğenildi bizi mutlu ediyor dedi haber kaynak sabahcomtr yayınlanan haber diğer içerikler ilgili olarak yasal bildirimlerinizi bize iletişim sayfası üzerinden iletiniz kısa süre içerisinde bildirimlerinize geri dönüş sağlanılacaktır,hülya avşar sene kıbrısta gerçekleşen hülya avşar cup tenis turnuvasında maç öncesi kktc cumhurbaşkanı ersin tatar bir araya geldi soruları yanıtlayan ikiliden tatar hülya hanım sene önce beraber çalışmıştık başarılı bir şekilde devam ediyor böyle uzun süreli başarı herkese nasip olmaz dedi avşar kıbrısta öyle yerleri gezdirdiler bana aşık oldum kıbrısa turnuvamız güzel hazırlanmış,Güney Kıbrıs'ta düzenlenen avşar cup tenis turnuvasında maç öncesi kkc cumhurbaşkanı ersin tatar bir araya geldi soruları yanıtlayan ikiliden tatar hülya hanım sene önce beraber çalışmıştık başarılı bir şekilde devam ediyor.
ünlü oyunu kendisini görüntüleyen basın mensuplarına kimsiniz üzerime geliyorsunuz basın mensubu olduğunuzu nereden bileyim diyerek bağırdı gazeteciler ara elimizdeki mikrofonları görüyorsunuz yanıt verirken ar bir muhabirinin yakasını tutarak hakaretlerine devam etti çevredekiler oyuncunun hareketine bir anlam veremeyerek şaşkınlık içinde durumu izledi haber kaynak sabahcomtr yayınlanan haber diğer içerikler ilgili olarak yasal bildirimlerinizi bize iletişim sayfası üzerinden iletiniz kısa süre içerisinde bildirimlerinize geri dönüş sağlanılacaktır,ünlü oyunu kendisini görüntüleyen basın mensuplarına kimsiniz üzerime geliyorsunuz basın mensubu olduğunuzu nereden bileyim diyerek bağırdı,Mahmut Hamsici'nin ölümüyle sonuçlanan ünlü video oyunu 'super eagle' basın mensuplarına yönelik hakaretlerine tepki gösterdi.
oğuzhan koç müzik akış platformu spotifyturkiyeye pop listende rap rap listende arabesk yeni çıkanlara baktım yeni çıkmamışlar yeni bir şeyler yapıyoruz yapmamışız sayıyorsunuz sanatçı muhatap arıyoruz yok sözleriyle tepki gösterdikoç ülkenin müziğini iyiye götürmek istiyorsanız lütfen isteyin nitelikli istikrarla üretim yapan müzisyenleri lütfen destekleyin sevgiler yazdıoğuzhan koçu dinlemem müzik tarzlarımız farklı spotifya olan isyanını haklı buluyorumsöz konusu platformun türkiyede müziği iyiye götürmesini beklemek saflıkplatformdaki i̇yi türkiye listesinde bir iki pop şarkıcı rahmetli sanatçının nostaljik şarkıları dışında listenin neredeyse çoğunluğu suç dosyası kadına şiddet uyuşturucu övgüsü cinsiyetçilik arıza erkek güzellemeleri doluspotifyın algoritması listeyi belirliyor gençlerin sokağın dili rap vs demeyin boşuna algoritmalar hazırlanıyor editörler kimlere destek çıkıyor vs konular önce tartışıldıhatta platformun eski editörlerinden terör sevici iddialara maruz kaldıbazıları koçu yeterince üretken olmadığı spotifyyı suçladığını yazmış ancak aynı listelere çoğu zaman tarkan kenan doğulu duman teoman giremiyor koçun dediği pop listende rap rap listende arabesk yeni çıkanlar yeni değil vsdaha önce yazdım sorun algoritmadaspotify düşük maliyetli müziklerle çalma listelerini doldurmak telif hakkı ödemelerini azaltmak yapay zeka kullanıyorperfect fit content pfc adlı yapay zeka programının popüler türleri taklit ederek kaliteli müzikleri ön plana çıkardığı iddia ediliyorzaten söz konusu platform sanatçılara bir dinleme yalnızca ila dolar arasında düşük ödeme yaptığı eleştiriliyorduplatform tekel olmanın verdiği güçle şimdi pfc programı sayesinde lofi ambient klasik müzik popüler türlere benzer parçalar üreten stüdyolarla çalıştığı müziklerin sabit bir ücret karşılığında satın alındığı öne sürülüyorböylece platform sürekli telif ödemek yerine düşük maliyetli müziklere yöneliyor suçu yücelti̇yordünyadaki sayılı müzik otoriteleri spotifyın düşük telifli olduğu öne çıkardığı şarkıların otantik olmadığını sanatsal değer taşımadığını belirtiyorlarspotifyın kalitesizliği ön plana çıkardığını görmek eleştirmen olmanıza gerek yokkeşke kalitesizlik tek sorun olsa platformun türkiye hazırlanan listelerdeki şarkılarda çocuklar gençler resmen zehirleniyori̇şte rap şarkılardan örnekarabi haşhaş coca hookah duman hookah arabi ibre sonda vınvın honda hayat ondayeni sevgilimi konuşma engelli seçtimmahalleden indim sigarayı koydum taşa sizin sürleri alamıyom taşa amsterdamdan ot ister bol bazılarınız türkiye normal gençlerde şiddet vakaları yok sorularıyla gelebilirsinizelbette arabesk rap müzik başta gençler olmak üzere toplumdaki ahlaki çöküntü yozlaşmadan besleniyor asıl sorun özelikle suçu şiddeti uyuşturucuyu öven şarkıların spotifyın listelerinde sürekli üst sıralarda kalıp milyonlarca gence çocuğa ulaşmasıbir diğer sorun şiddeti uyuşturucuyu vs öne çıkaran spotify algoritmalarına göre yeni şarkıların bestelenmesiçünkü çöplük listelere girdiğinizde bir anda şöhreti yakalıyorsunuzve durum zamanla spotifya uygun basitliği kalitesizliği zararlı içeriklerin yer aldığı manipüle edilmiş bir dinleme deneyimini ortaya çıkarıyorspotifyın zevkine göre müzik seçimi sunması göstermelik önerdiği listeler düşük telif ödemek sadece kalitesizliği sunmuyor suçu uyuşturucuyu yozlaşmayı özendiriyorsonra mi oluyormattia ahmet minguzzinin katillerine benzer aynı tip saç tıraşlı racon kesmeyi hayat felsefesi sanan arıza gençler yetişiyor hayvanlarla i̇leti̇şi̇mçin merkezli teknoloji şirketi baidu hayvanların duygularını insanlara anlaşılır biçimde aktarmayı hedefleyen bir yapay zek sistemi geliştirdidonanımhabere göre sistem hayvanların çıkardığı sesleri sergilediği davranışları çeşitli fizyolojik sinyalleri analiz ederek onların duygusal durumunu belirlemeye çalışıyor elde edilen veriler makine öğrenmesi derin öğrenme dil işleme teknolojileri yardımıyla insan diline çevriliyorbu teknolojinin başarılı olması müthiş bir gelişme olurkedinizin köpeğinizin sonunda dediğini anlayacaksınızbu teknolojiyle ilgili yapılan et tüketimini azaltır i̇nsan konuştuğu iletişime geçtiği bağ kurduğu hayvanı yiyemez yorumuna hak vermemek elde değildüşünsenize kesilmeyi bekleyen bir dana koyun vs abi kesiyorsun beni bak gül geçinip gidiyoruz sana bir zararım yok sen vegan ol dese yapardınız engelli̇ tuvaleti̇tartışmasıkocaeli üniversitesinde mayısta düzenlenen bir etkinlikte rektör prof dr nuh zafer cantürke bir engelli öğrenci fakültede engelli tuvaleti bulunmadığını hatırlatarak erişilebilir bir üniversite olduğumuzu savunabiliyoruz sorducantürk destek verirseniz yapacağınızı ben söylemeyeyim bağışlarla katkı sağlarsanız dönüşüm yaparız yanıtını verdi cantürk sonra öğrenciyle arasında geçen diyalogla ilgili oluşturulmaya çalışılan algının gerçeği yansıtmadığını açıkladı konuşmanın tamamı medyaya yansımadı yansıyan kısmıyla ilgili bende oluşan algı koskoca üniversitede engelli tuvaleti yok öğrenciden bağış yapması isteniyorüniversitenin bütçesinde engelli tuvaleti yapmaya ayıracak para yok rektörün normalde hemen sorunu çözeceğini söylemesi gerekirdi rektörün konuşmasının devamında sinirlenerek engelli öğrenciye hadi arkadaşların seni alkışlasın dediği iddia ediliyor empatiden yoksun bir yaklaşım böyle altyazıbelli senin şiir falan okuduğun yok şiir okusaydın bilirdin aşık adam sınanmaz beş şehir haber kaynak sabahcomtr yayınlanan haber diğer içerikler ilgili olarak yasal bildirimlerinizi bize iletişim sayfası üzerinden iletiniz kısa süre içerisinde bildirimlerinize geri dönüş sağlanılacaktır,oğuzhan koç müzik akış platformu spotifyturkiyeye pop listende rap rap listende arabesk yeni çıkanlara baktım yeni çıkmamışlar yeni bir şeyler yapıyoruz yapmamışız sayıyorsunuz sanatçı muhatap arıyoruz yok sözleriyle tepki gösterdikoç ülkenin müziğini iyiye götürmek istiyorsanız lütfen isteyin nitelikli istikrarla üretim yapan müzisyenleri lütfen destekleyin sevgiler yazdıoğuzhan koçu dinlemem müzik tarzlarımız farklı spotifya olan isyanını haklı buluyorumsöz konusu platformun türkiyede müziği iyiye götürmesini beklemek saflıkplatformdaki i̇yi türkiye listesinde bir iki pop şarkıcı rahmetli sanatçının nostaljik şarkıları dışında listenin neredeyse çoğunluğu suç dosyası kadına şiddet uyuşturucu övgüsü cinsiyetçilik arıza erkek güzellemeleri doluspotifyın algoritması listeyi belirliyor gençlerin sokağın dili rap vs demeyin boşuna,İnternet üzerinden müzik akış platformu sSpotify Türkiyeye pop listende rap rap listenin neredeyse çoğunluğu suçu şiddeti uyuşturucu övgüsü cinsiyetçilik arıza erkek güzellemeleri dolu.
beşiktaşın a milli futbol takımının eski oyuncularından nihat kahveci yılında hayatını pınar kaşgörenle birleştirmiş çiftin birliktelikten zsk ek isimli iki çocuğu dünyaya gelmişti i̇zmir aile mahkemesinin ekim tarihli kararıyla taraflar anlaşmalı olarak boşanmış çocukların velayeti anne pınar kaşgörene verilmişti ancak geçtiğimiz günlerde eski eşler arasında bir kaos çıkmış kaşgören ünlü futbolcu hakkında uzaklaştırma kararı çıkartmıştı ünlü futbolcuya suç duyurususabahın gündeme getirdiği uzaklaştırma kararının ardından pınar kaşgörenden bir hamle geldi kaşgören eski eşi hakkında bakırköy cumhuriyet başsavcılığına suç duyurusunda bulunarak boşanmanın ardından nihat kahveci çocuklar arasında süren ilişkinin giderek bir psikolojik şiddet döngüsüne dönüştüğünü anlattı günün önemli̇ manşetleri̇ i̇çi̇n tıklayın hakaret i̇çeri̇kli̇ sözler söylüyornihat kahvecinin çocuklara yönelik salaksın salak seni öküzüm ifadeleri sistematik biçimde kullandığını söylemlerin çocukların pedagojik gelişimini olumsuz etkilediğini çocukların ruhsal bütünlüğünü zedelediğini iddia eden pınar kaşgören ifadelerin yalnızca ahlaki değil hukuki açıdan açıkça suç teşkil ettiğini savundu dilekçeye eklenen whatsapp mesaj kayıtlarıyla ünlü futbolcunun onur şeref saygınlığı rencide edebilecek nitelikte hakaret suçunu işlediği belirtildi uzaklaştırma kararına deği̇ndi̇dikekçede nihat kahvecinin çocuklara yönelik küçük düşürücü hakaret içeren devamlı söylemleri nedeniyle bakırköy aile mahkemesinin nisan tarihli kararıyla çocuklar adına uzaklaştırma kararı verildiği nihat kahvecinin çocuklara karşı fiziksel değilse psikolojik şiddet uyguladığı nedenle koruma tedbirlerinin uygulanması gerektiğinin altı çizildi yargıtay kararlarından örneklerdilekçede ayrıca yargıtayın farklı dairelerinin benzer ifadelerle ilgili emsal kararlarına yer verildi yargıtay ceza dairesinin sayılı kararında salak geri zeklı sözlerin kaba söz değil kişinin onurunu zedeleyen nitelikte hakaret olduğunun kaydedildiği aynı şekilde yargıtay ceza dairesinin sayılı kararında salak ifadesinin mağdura yönelik hakaret suçu teşkil ettiğinin vurgulandığı söylendi haber kaynak sabahcomtr yayınlanan haber diğer içerikler ilgili olarak yasal bildirimlerinizi bize iletişim sayfası üzerinden iletiniz kısa süre içerisinde bildirimlerinize geri dönüş sağlanılacaktır,beşiktaşın a milli futbol takımının eski oyuncularından nihat kahveci yılında hayatını pınar kaşgörenle birleştirmiş çiftin birliktelikten zsk ek isimli iki çocuğu dünyaya gelmişti i̇zmir aile mahkemesinin ekim tarihli kararıyla taraflar anlaşmalı olarak boşanmış çocukların velayeti anne pınar kaşgörene verilmişti ancak geçtiğimiz günlerde eski eşler arasında bir kaos çıkmış kaşgören ünlü futbolcu hakkında uzaklaştırma kararı çıkartmıştı,İzmir'de aile mahkemesi tarafından boşanmış iki çocuğun velayeti anne pınar kaşgörenle birlikte hayatını kaybeden ünlü futbolcu nihat kahveci hakkında suç duyurusunda bulundu.
eurovision tarihinin başarılısı seçilen i̇sveçin efsane müzik grubu abba ünlü mamma mia şarkısını yabancı karşıtı aşırı sağcı danimarka halk partisinin df kullanmasına sert tepki gösterdi dfin yıllık kongresinde partinin gençlik kolları abba grubunun ünlü eseri mamma miayı parti lideri mamma pia olarak değiştirdi şarkılarının kendilerinden izinsiz politik bir amaç değiştirilmesine asla müsaade etmeyeceklerini belirten grubun üyesi benny andersson elinizi müziğimizden çekin dedi andersson partinin kendilerinden izin almadan şarkılarını kullanmalarının kendisini sinirlendirdiğini ifade ederek bir kere asla istek üzerine şarkı sözü yazmadık diğer yandan politikasını asla tasvip etmediğimiz bir parti bizim parçamızı asla kullanamaz konuştu df aralarında derin görüş ayrılığı olduğunu saklama gereği duymayan benny andersson partiyi i̇sveçteki uzantısı i̇sveç demokratları partisiyle aynı çizgide gördüklerini sözlerine ekledi efsane grubun bir diğer üyesi björn ulvaeus abba şarkılarının politik bir amaç kullanmasına asla izin vermez bunu net bir şekilde dfe ilettik açıklamasını yaptı abbanın ünlü mama mia şarkısının sözlerini björn ulvaeus benny andersson yazdı eurovision şarkı yarışmalarının yıl kutlamaları kapsamında düzenlenen yılın başarılı şarkıları arasında yapılan seçim sonucuyla ilk e giren şarkıların yarışacağı yarışmada waterloo deki yarışmada birinciliği elde eden i̇sveçli grubun şarkısı yılında eurovision tarihinin iyisi seçilmişti haber kaynak sabahcomtr yayınlanan haber diğer içerikler ilgili olarak yasal bildirimlerinizi bize iletişim sayfası üzerinden iletiniz kısa süre içerisinde bildirimlerinize geri dönüş sağlanılacaktır,eurovision tarihinin başarılısı seçilen i̇sveçin efsane müzik grubu abba ünlü mamma mia şarkısını yabancı karşıtı aşırı sağcı danimarka halk partisinin df kullanmasına sert tepki gösterdi,eurovision şarkı yarışmalarının yıllık kongresinde efsane müzik grubu abba ünlü mamma mia şarkısını yabancı karşıtı aşırı sağcı danimarka halk partisinin df kullanmasına sert tepki gösterdi.
başkan recep tayyip erdoğan dün külliyede kabine toplantısına başkanlık etti ekonomideki son gelişmelerin ana gündem maddesi olduğu saat dakika süren toplantı sonrası millete seslenen erdoğan şunları kaydettiülkemizde kurdaki hareketlerin etkisiyle yükselen enflasyon fiyat artışlarıyla sonuçlanan ekonomik sıkıntılar elbette vardır fiyatlardaki düzenli artışı ifade eden enflasyonun olduğu yerde yatırım olmayacağı üretim azalacağı istihdam düşeceği dengeler bozulur buna karşılık sadece kurdaki yükselişe bağlı olarak kimi ürünlerdeki fiyat artışı yatırımı üretimi istihdamı doğrudan etkilemez tam tersine kurdaki rekabet gücü yatırımda üretimde istihdamda artışa yol açardünya borsalarındaki şişkinlik basılan fazla paranın kendisine gidecek yer bulamamasından kaynaklanıyor karşımızdaki tablo bizi bir tercihe zorlamıştır ülkemizde eskiden beri hkim olan anlayışı sürdürerek yatırımdan üretimden büyümeden istihdamdan vazgeçecektik kendi önceliklerimize göre yolumuza devam ederek tarihi bir mücadeleyi göze alacaktık zamanki mücadeleyi tercih ettik türkiye ilk kendi ihtiyaçlarına uygun bir politikayı izleme fırsatı elde ettidünyanın içinden geçtiği kritik dönemin önümüze açtığı fırsatları değerlendirmekte kararlıyız ülkemizi eskiden yaptıkları denklemin dışına itmek isteyenlerin kur faiz fiyat artışları üzerinden oynadıkları oyunu görüyor kendi oyun planımızla devam etme irademizi ortaya koyuyoruz ülkemizi bunca tuzaktan badireden çıkardıysak allahın yardımı milletimizin desteğiyle ekonomik kurtuluş savaşından milletimizi zaferle çıkaracağız i̇stihdamı artırmanın yolunun yatırımdan üretimden ihracattan büyümeden geçtiği konusunda kimsenin şüphesi olmasın türkiyenin uzak tutulmaya çalışıldığı kalkınma hamlesinin önünün darbe vesayet krizle kesilerek ımf dünya bankası mandacı iktisatçılarımız tarafından aksi istikamette yönlendirilmeye çalışıldığı gerçek işte budurbiz geçmişte denenmiş yüksek faiz düşük kur kısırdöngüsü yerine yatırım ihracat büyüme odaklı politikamızda ülkemiz doğru olanı yapmakta kararlıyız politika faizinin düşük tutulmasını bunun memnuniyetle karşılıyoruz kurun piyasadaki hareketlerini bunun takipte özellikle kararlıyız yatırım üretim ihracatı bunun teşvik ediyoruz i̇stihdamı gözümüz koruyoruz büyümeyi bunun önemsiyoruz felaket tellallarının gürültülerini bunun dikkate almıyoruz mandacı iktisatçıların reçetelerine bunun itibar etmiyoruzkurdaki yükselişi izah ederek hiçbir mantıklı izahı olmayan fahiş fiyat artışı yapan fırsatçılara göz açtırmayacağız hepsinin tepesine tepesine bineceğizi̇hracatımızı dünyanın dört bir yanına yayarak şirketlerimizin alana girmesini sağladık küresel para cambazlarıyla işbirliği yaparak kendi ülkelerini soymayı alışkanlık haline getirenlerin önünü kestikfaiz sebeptir enflasyon neticedir tespitimiz ülkemizin yaşadıklarından çıkardığımız derslere dayanıyor ekonomi politikalarının aracı olan faizin seviyesini belirleyecek olan ülkenin ihtiyaçlarıdırmandacı iktisatçıların ülkemizi açlığa yoksulluğa mahkm edecek politikalarını reddediyoruz reddimizi yeni değil uzunca süredir ortaya koyuyoruz bunun yerine sorunlarımızı kendi çözümlerimizle aşacak adımları atıyoruzkamu işçileri memurların ücretlerindeki artışlarla başlattığımız çalışanlarımızı fiyat artışına karşı koruma politikamızı asgari ücrette sürdüreceğiz ci̇ddi̇ dövi̇zvarlığı var ülkemizde bireylerin döviz borcu değil bankalarda yastık altında ciddi bir döviz varlığı vardır i̇hracat ithalat dışı olanlar dışında kayda değer döviz borcu olan şirketimiz yoktur bankalarımızın açık pozisyonları bulunmuyor önemli olan burası bütçe performansımız oldukça yüksek seviyededir büyük altyapı projelerimizi önemli ölçüde bitirdiğimiz yatırımlarda kullanmak acil finansal ihtiyacımız kalmadı karadenizde bulduğumuz doğalgaz önemli döviz giderimiz olan enerji sorununun çözümü konusunda umutlarımızı güçlendirdi i̇zmırli̇ depremzedelerekonutları cuma günütesli̇m edi̇li̇yor başkanerdoğan cuma günü i̇zmirde bizzat yerinde sevincini paylaşacağı bir müjde vereceğini belirterek şöyle konuştuelazığ malatyada olduğu i̇zmirde hızlı bir şekilde hasar tespit çalışmalarını tamamladık yaşanan depremin ardından elazığda bin konut bin köy evi malatyada bin konut köy evi yaparak yıl geçmeden vatandaşlarımıza teslim etmeye başlamıştık i̇zmirde aynı hızla konutlarımızı inşa ettik süreçte i̇zmir tarihinin büyük kentsel dönüşüm deprem dönüşüm çalışmalarını yürüttük hazırlıkları hızla tamamlayarak yıkılan evlerin yerine vatandaşlarımıza sıcak birer yuva olacak konutların temellerini şubatta attıkdepremden etkilenen bayraklının mahallesindeki toplam büyüklüğü bin metrekareyi bulan ayrı bölgede yatırım bedeli milyon lira olan konut dükkn inşa ettik bunlardan sı konut i dükkn olmak üzere toplam bağımsız bölümün yapımını tamamladık i̇nşallah konut dükknları kasımda önümüzdeki cuma günü vatandaşlarımıza bizzat teslim edeceğizgeri kalan konut dükknı kısa sürede tamamlayarak hak sahiplerine vereceğiz bayraklıda milyon bin metrekare büyüklüğündeki rezerv alanda depremzedeler yatırım değeri milyar lira olan bin konut dükkn yapıyoruz alanın ilk etabında inşa edilen konutu yılbaşında tamamlayarak i̇zmirli vatandaşlara teslim edeceğizkabine toplantısında hak sahibi vatandaşların yapacakları ödemelerle ilgili kararı verdik i̇zmirde inşa ettiğimiz konutlarımızı ilk ayı ödemesiz ayı ödemeli olmak üzere yıla yayılan bir vade vatandaşlarımıza takdim edeceğiz aylık ödemeler artı konutlarda liradan artı konutlarda liradan başlayacak bir başka ifadeyle i̇zmirli depremzede vatandaşlarımızı artı konutları bin lira bin lira artı konutları bin lira bin lira arasında maliyetinin altında fiyatlarla ev sahibi yapıyoruz öte yandan başkan erdoğan londra yunus emre enstitüsünde bir araya gelen uluslararası demokratlar birliği uıd yöneticilerine seslendi i̇ngilterede bulunan ak parti genel başkan yardımcısı efkan alanın telefon bağlantısıyla katılımcılara hitap eden erdoğan farklı adımların atılacağı bir dönem içerisinde olacağız dedi haber kaynak sabahcomtr yayınlanan haber diğer içerikler ilgili olarak yasal bildirimlerinizi bize iletişim sayfası üzerinden iletiniz kısa süre içerisinde bildirimlerinize geri dönüş sağlanılacaktır,başkan recep tayyip erdoğan dün külliyede kabine toplantısına başkanlık etti ekonomideki son gelişmelerin ana gündem maddesi olduğu saat dakika süren toplantı sonrası millete seslenen erdoğan şunları kaydettiülkemizde kurdaki hareketlerin etkisiyle yükselen enflasyon fiyat artışlarıyla sonuçlanan ekonomik sıkıntılar elbette vardır fiyatlardaki düzenli artışı ifade eden enflasyonun olduğu yerde yatırım olmayacağı üretim azalacağı istihdam düşeceği dengeler bozulur buna karşılık sadece kurdaki yükselişe bağlı olarak kimi ürünlerdeki fiyat artışı yatırımı üretimi istihdamı doğrudan etkilemez tam tersine kurdaki rekabet gücü yatırımda üretimde istihdamda artışa yol açardünya borsalarındaki şişkinlik basılan fazla paranın kendisine gidecek yer bulamamasından kaynaklanıyor karşımızdaki tablo bizi bir tercihe zorlamıştır ülkemizde eskiden beri hkim olan anlayışı sürdürerek yatırımdan üretimden büyümeden istihdamdan vazgeçecektik kendi önceliklerimize göre yolumuza devam ederek tarihi bir mücadeleyi göze alacaktık zamanki mücadeleyi tercih ettik türkiye ilk kendi ihtiyaçlarına uygun bir politikayı izleme fırsatı elde ettidünyanın içinden geçtiği kritik dönemin önümüze açtığı fırsatları değerlendirmekte kararlıyız ülkemizi eskiden yaptıkları denklemin dışına itmek isteyenlerin kur faiz fiyat artışları üzerinden oynadıkları oyunu görüyor kendi oyun planımızla devam etme irademizi ortaya koyuyoruz,Cumhurbaşkanı Recep Tayyip Erdoğan dünkü kabine toplantısında ekonomideki son gelişmelere ilişkin olarak ülkesinin ihtiyaçlarına uygun bir politikayı izleme fırsatı elde etti
sosyal paylaşım sitesi facebook çocuk kullanıcıların silah aksesuarı reklamlarını görmesini engelleyecek bbcnin haberine göre facebookun haziranda güncellenecek politikası çerçevesinde çocuk kullanıcılar nişan dürbünü tabanca kılıfı tüfek kayışı benzer silah aksesuarlarının reklamlarını göremeyecek facebook çocukların tür reklamları görmesinin engellenmesi kararının düzenli olarak gözden geçirilen politikaları çerçevesinde alındığını açıkladı bağlantı bulunduğunu yazdı teknoloji sitesi the verge facebookun kararının son dönemde abdde düzenlenen okul saldırılarının ardından yeniden silah şiddetine odaklanılmasıyla bağlantısı bulunduğunu yazdı facebookun silah cephane patlayıcı satışına yönelik halihazırda kısıtlamaları mevcut haber kaynak sabahcomtr yayınlanan haber diğer içerikler ilgili olarak yasal bildirimlerinizi bize iletişim sayfası üzerinden iletiniz kısa süre içerisinde bildirimlerinize geri dönüş sağlanılacaktır,sosyal paylaşım sitesi facebook çocuk kullanıcıların silah aksesuarı reklamlarını görmesini engelleyecek,Sosyal paylaşım sitesi Facebook çocuk kullanıcıların silah aksesuarı reklamlarını görmesini engelleyecek. bbc'nin haberine göre bu kararın düzenli olarak gözden geçirilen politikaları çerçevesinde alındığını açıkladı
haber kaynak sabahcomtr yayınlanan haber diğer içerikler ilgili olarak yasal bildirimlerinizi bize iletişim sayfası üzerinden iletiniz kısa süre içerisinde bildirimlerinize geri dönüş sağlanılacaktır,haber kaynak sabahcomtr,Yayına hazırlayan: Mahmut Hamsici BBC Türkçe'nin iletişim sayfası üzerinden yayımlanan haber ve yorumlar hakkında yasal bildirimlerinizi bize iletiniz.
gelen bilgiye göre ak parti genel başkan yardımcısı nurettin canikli yeni ekonomi modeli kapsamında açıklanan kur korumalı tl vadeli mevduat sistemine ilişkin yazılı açıklama yaptı i̇ki̇ sorunun cevabı kocaman bi̇r hayırdır kur korumalı tl mevduat sistemi hazinenin kaynaklarını zenginlere mi aktarmaktadır sistem garibanın döviz sahibini fonladığı saçma sapan karanlık bir düzen midir baştan söyleyelim iki sorunun cevabı kocaman bir hayırdır ifadelerini kullanan canikli sistemin temel araçlarından birisinin döviz tevdiat hesabını vadeli tl mevduat hesabına dönüştüren kişiye vade başı vade sonu arasındaki kur farkının vade sonunda hesaplanan faiz tutarından büyük olması halinde aradaki farkın hazine tarafından ödenmesi olduğunu açıkladı canikli kur farkının faiz tutarını aşan kısmının hazine tarafından vadeli tl hesap sahibi olan kişiye ödendiği bir görüntünün ortaya çıksa gerçek tablonun farklı olduğunu belirterek sistem yerine reel faizin nominal faizin enflasyon oranı kadar olduğu geleneksel faiz politikasının uygulandığı bir sistem yürütülmüş olsaydı vadeli tl mevduat sahibi vade sonunda enflasyon oranı kadar garantili bir faiz geliri elde edecekti değerlendirmesinde bulundu aradaki̇ fark kadar i̇lave ödeme yeni sistemde aynı mevduat sahibinin enflasyon oranından düşük orandaki politika faizi oranında garantili faiz geliri elde edeceğini kur farkının faiz oranının üzerinde gerçekleşmesi halinde mevduat sahibine aradaki fark kadar ilave ödeme yapılmakta olduğunu aktaran canikli şöyle devam etti varsayalım enflasyon oranı yüzde politika faiz oranı yüzde aylık dönemdeki kur değişim oranı a yüzde b yüzde olsun geleneksel faiz politikasının uygulandığı sistemde bankada bin tl mevduatı olan bir kişi dönem sonunda garantili olarak bin tl faiz geliri elde edecektir devlet yatırımları teşvik etmek amacıyla yatırımcının finansman maliyetinin bir bölümünü üstlenmek sübvanse etmek istiyorsa tutar hazine tarafından yatırımcıya ödenecektir diyelim devlet yüzde lik faiz oranının yüzde lik kısmını sübvanse etmek istesin durumda yatırımcıya hazineden bin tl ödeme yapılacaktır yatırımcının finansman yükü yüzde den yüzde e düşmüş olacaktır basitleştirmek banka komisyon masrafları ihmal edilmiştir örnek vererek anlattı canikli kur korumalı tl vadeli mevduat sisteminde aynı mevduat sahibinin aylık dönemde garantili olarak bin tl faiz geliri elde edeceğini hatırlatarak bilgileri verdi a şıkkı gerçekleşirse aylık dönemde dolar kuru yüzde oranında artarsa bin tllik kur farkı ortaya çıkacaktır bin tllik kur farkı bin tllik garantili faizden küçük olduğu hazine tarafından mevduat sahibine ödeme yapılmayacaktır yatırımcı politika faiz oranı olan yüzde lük orandan kredi kullanacağı yatırımcıya hazineden ayrıca bir destek ödemesi yapılmayacaktır b şıkkı gerçekleşirse aylık dönemde dolar kuru yüzde oranında artar bin tllik kur farkı ortaya çıkacaktır bin tllik kur farkı faiz gelirinden büyük olduğu aradaki fark olan bin tl hazine tarafından mevduat sahibine ödenecektir gari̇ban dövi̇z sahi̇bi̇ni̇ fonlamamakta yatırımcının sistemde politika faiz oranı olan yüzde üzerinden enflasyon oranından puan düşük bir oranda kredi kullanacağı hazine tarafından yatırımcıya herhangi bir destek ödemesi yapılmayacağını vurgulayan canikli şunları kaydetti açıkça ortaya konulduğu üzere kur korumalı tl vadeli mevduat sisteminde yatırımcıya aktarılacak finansman desteği hazine tarafından değil sistem tarafından karşılanmaktadır sistemde kur farkının faiz gelirinden yüksek olması nedeniyle mevduat sahibine hazine tarafından aktarılan kaynak esasında yatırımcıya fiilen aktarılan finansman desteğine dönüşmektedir özetlemek gerekirse sistemde gariban döviz sahibini fonlamamakta tam aksine zengin mevduat sahibi yatırımcıyı sübvanse etmektedir haber kaynak sabahcomtr yayınlanan haber diğer içerikler ilgili olarak yasal bildirimlerinizi bize iletişim sayfası üzerinden iletiniz kısa süre içerisinde bildirimlerinize geri dönüş sağlanılacaktır,gelen bilgiye göre ak parti genel başkan yardımcısı nurettin canikli yeni ekonomi modeli kapsamında açıklanan kur korumalı tl vadeli mevduat sistemine ilişkin yazılı açıklama yaptı,Cumhuriyet Halk Partisi (CHP) genel başkan yardımcısı nurettin canikli yeni ekonomi modeli kapsamında açıklanan kur korumalı tl vadeli mevduat sistemine ilişkin yazılı açıklama yaptı ikinci soru olarak aradaki farkın hazine tarafından ödenmesi olduğunu söyledi
türkiye cumhuriyet merkez bankası tcmb parasal aktarım mekanizmasını desteklemek amacıyla zorunlu karşılık uygulamasında değişiklik yaptı buna göre gerçek kişi tl mevduat payı yüzde arasında bulunan bankalar aylık artış hedefi puana yükseltildi gerçek kişi tl mevduat payı yüzde ı geçen bankalar aylık artış hedefi kaldırılarak yüzde ın üzerinde kalınması koşulu getirildi kur korumalı mevduatın kkm tlye geçişine yenilenmesine ilişkin toplam hedef hesaplamasına tüzel kişi kkm dahil edildi tl mevduat tesis edilmesi gereken zorunlu karşılık tutarına tlye geçiş oranı seviyesine göre uygulanan faiz oranı üst sınırı politika faiz oranının yüzde üne yükseltildi tl zorunlu karşılıklarda bloke tesis oranı puan artırıldı tl mevduatı destekleyecek ilave adımlar atılabileceği yönünde mesaj veren tcmbnin gerekli görülmesi halinde yönde yeni adımlar atabileceği belirtiliyor haber kaynak sabahcomtr yayınlanan haber diğer içerikler ilgili olarak yasal bildirimlerinizi bize iletişim sayfası üzerinden iletiniz kısa süre içerisinde bildirimlerinize geri dönüş sağlanılacaktır,türkiye cumhuriyet merkez bankası tcmb parasal aktarım mekanizmasını desteklemek amacıyla zorunlu karşılık uygulamasında değişiklik yaptı buna göre gerçek kişi tl mevduat payı yüzde arasında bulunan bankalar aylık artış hedefi puana yükseltildi gerçek kişi tl mevduat payı yüzde ı geçen bankalar aylık artış hedefi kaldırılarak yüzde ın üzerinde kalınması koşulu getirildi kur korumalı mevduatın kkm tlye geçişine yenilenmesine ilişkin toplam hedef hesaplamasına tüzel kişi kkm dahil edildi tl mevduat tesis edilmesi gereken zorunlu karşılık tutarına tlye geçiş oranı seviyesine göre uygulanan faiz oranı üst sınırı politika faiz oranının yüzde üne yükseltildi tl zorunlu karşılıklarda bloke tesis oranı puan artırıldı tl mevduatı destekleyecek ilave adımlar atılabileceği yönünde mesaj veren tcmbnin gerekli görülmesi halinde yönde yeni adımlar atabileceği belirtiliyor,Türkiye cumhuriyet merkez bankası (tcmb) parasal aktarım mekanizmasını desteklemek amacıyla zorunlu karşılık uygulamasında değişiklik yaptı. Buna göre gerçek kişi tl mevduat payı yüzde arasında bulunan bankalar aylık artış hedefi puana yükseltildi.
aile sosyal politikalar bakanlığı devlet koruması altında olup yurtlarda kalan yüzlerce çocuk hayati öneme sahip dönüşümü önümüzdeki yıl tamamlıyor bakan fatma betül sayan kaya kişilik koğuşlarda yaşamak zorunda kalan çocukları iyi koşullara kavuşturacak yeni sistemi dönüşümün önemli ayaklarından olan koruyucu aile uygulamasını anlattı desteği̇ bi̇ri̇kti̇ren ai̇leler var türkiyede bin koruyucu ailenin yanında bin çocuk bulunduğunu belirten bakan kaya ailelere çocuk ayda tl servis tl destek verdiklerini belirtti ekonomik durumu yerinde olan ailelerimiz arasında kadar güzel insanlar var paraya dokunmayan ailelerimiz var çocuğa ilerleyen dönemde üniversite eğitimi sürecinde destek olmak parayı bankada biriktirenler oluyor ayrım söz konusu deği̇l çocukların koruyucu aile yanına yerleştirilirken ailelerin sosyal hizmet uzmanları tarafından incelendiğini ifade eden bakan kaya süreci şöyle anlattı i̇nce elenip sık dokuyoruz çocuk uyum sağlarsa koruyucu aile yanına yerleştiriliyor bir evde erkek çocuk kız çocuk beraber büyüyorsa koruyucu ailelerimiz içinde erkek çocuğu olup kız evlat verdiğimiz birçok aile bulunmakta keçiörende erkek evladı olan bir ailemiz merve ismindeki kızımızı koruyucu aile olarak sahiplenmiş şimdi bir çocuğumuzu almak istiyorlar süreç devam ediyor evlerine misafir olduk bunun birçok örnek var ai̇le yanında yaşamalılar koruyucu aile sayısının artmasını bütün çocukların uygun şartlarda aile yanında yaşamasını istediklerini söyleyen bakan kaya bilgileri verdi devlet olarak onlara türlü maddimanevi imknı sunmaya çalışıyoruz büyük dönüşümü gerçekleştiriyoruz çocuklarımız kişilik koğuşlarda değil kişilik sevgi çocuk evlerinde bakılıyor dönüşümü yüzde olarak sene sonunda gerçekleştireceğiz an civarında çocuğun kaldığı yurtlar tamamen kapanıyor çocuk evleri çocuk evleri sitesi modeline geçiyoruz bi̇n koruyucu ai̇le türkiyede binden fazla çocuk devlet koruması altında bin koruyucu ailenin yanında bin çocuk yaşıyor aileler birden fazla çocuğa koruyucu ailelik yapıyor türkiye genelinde aile ten fazla kardeşin aile kardeşin aile kardeşin koruyucu ailesi habertürk haber kaynak sabahcomtr yayınlanan haber diğer içerikler ilgili olarak yasal bildirimlerinizi bize iletişim sayfası üzerinden iletiniz kısa süre içerisinde bildirimlerinize geri dönüş sağlanılacaktır,aile sosyal politikalar bakanlığı devlet koruması altında olup yurtlarda kalan yüzlerce çocuk hayati öneme sahip dönüşümü önümüzdeki yıl tamamlıyor bakan fatma betül sayan kaya kişilik koğuşlarda yaşamak zorunda kalan çocukları iyi koşullara kavuşturacak yeni sistemi dönüşümün önemli ayaklarından olan koruyucu aile uygulamasını anlattı,Aile sosyal politikalar bakanlığı devlet koruması altında olup yurtlarda kalan yüzlerce çocuğun hayati öneme sahip dönüşümünü önümüzdeki yıl tamamlıyor.
haber merkezi̇ masterchef sezonuna damga vuran isimlerden eda karabuluttu all star sezonunda yarışan eda karabulut sürpriz bir şekilde yarışmaya veda etmişti haberin devamıclassmedyanetinlineadv masterchef all star hatırlanacağı üzere bol kaoslu geçmişti yarışmacılar ikiye ayrılmış adeta olarak mücadele etmişlerdi i̇lgi̇ni̇zi̇ çekebi̇li̇rwanda naradan yine olay olan paylaşım beni gerçekten sevmedihaberi görüntüle elendikten sonra paylaşım yapan eda canım rıfatın bize güzel gitmeler yakışır üç kuruş kalbimizi bozmak karakter haysiyetimizi ayaklar altın almak bize yakışmazdı cevabını vermişti ınstagramı sık kullanan isimlerin başında gelen eda paylaşımlarıyla adından söz ettiriyor verdiği kilolarla dikkatleri üzerine çeken eda yaz başlamadan fit bir görünüme sahip oldu takipçileriyle soru cevap yapan karabulut bir yorumda kilo verme formülünü açıkladı ünlü isim yaptığı yorumda zayıflamanın tek formülü boğazını tutmak bunu bana sormayın artık dedi haber kaynak mıllıyetcomtr yayınlanan haber diğer içerikler ilgili olarak yasal bildirimlerinizi bize iletişim sayfası üzerinden iletiniz kısa süre içerisinde bildirimlerinize geri dönüş sağlanılacaktır,haber merkezi̇ masterchef sezonuna damga vuran isimlerden eda karabuluttu all star sezonunda yarışan eda karabulut sürpriz bir şekilde yarışmaya veda etmişti,"eda karabulut all star sezonunda yarışmaya damga vuran isimlerden birisi oldu takipçileriyle soru yanıt yapan ünlü isim, kilo verme formülünü açıkladı."
nazan öncel sevenlerini korkutan bir paylaşımda bulundu ınstagram hesabından paylaşım yapan yaşındaki sanatçı hastaneye kaldırıldı haberin devamıclassmedyanetinlineadv öncel yaptığı açıklamada üzmek korkutmak söylemiyorum benim emektar kalbim bir şaka yaptı sanırım dedim hayat bir karış yırttık ambulansa kadar eşlik eden kedim türkana bekle beni sana söz geleceğim dedim sabah eve döndüğümde cümle kapısında karşıladı beni bugün yine hastene anjiyo faslına geçildi yarın akşamki konser bir özür borcum var size biletleriniz geçerlidir affedin lütfen dedi haber kaynak mıllıyetcomtr yayınlanan haber diğer içerikler ilgili olarak yasal bildirimlerinizi bize iletişim sayfası üzerinden iletiniz kısa süre içerisinde bildirimlerinize geri dönüş sağlanılacaktır,nazan öncel sevenlerini korkutan bir paylaşımda bulundu ınstagram hesabından paylaşım yapan yaşındaki sanatçı hastaneye kaldırıldı,"Dünyaca ünlü şarkıcı nazan öncel hastaneye kaldırıldı, sosyal medyada paylaşım yapan yaşındaki sanatçı ağır yaralandı. Haberin ikinci bölümü ise şöyle:"
haber merkezi̇ dargın yalan lan ara şarkılarıyla adını geniş kitlelere duyuran şarkıcı zeynep bastık yakışıklı oyuncu serkay tütüncü geçtiğimiz yıl aşk yaşamaya başlamıştı çiftin aşkı doludizgin devam ederken kutlama paylaşımları geldi aşkta bir yılını dolduran çift ınstagram hesaplarından fotoğraflar paylaştı haberin devamıclassmedyanetinlineadvi̇lgi̇ni̇zi̇ çekebi̇li̇rwanda naradan yine olay olan paylaşım beni gerçekten sevmedihaberi görüntüle zeynep bastık yaptığı paylaşımda hayatımın aşkı dünyada geçirdiğim ışıltılı yıl teşekkür ederim günümü bir şarkı haline getirdin i̇yi benim sevgilimsin gündür dizinde uyumak harika bir sonsuz senelerimiz olsun dedi serkay tütüncü minicik kadar yer kaplar sen benim hayata çaktırmadan göz ucuyla gelmesini beklediğim şeysin enerjini yediğim i̇yi benimsin herkesi uyutup sabaha kadar dans ettiğimiz gün batımında saatlerce sustuğumuz akşam yemeği hazırlarken kahvaltıda yiyeceğimizi sorduğun yıllarımız olsun ifadelerini kullandı i̇ki ünlü ismin paylaşımı binlerce beğeni aldı haber kaynak mıllıyetcomtr yayınlanan haber diğer içerikler ilgili olarak yasal bildirimlerinizi bize iletişim sayfası üzerinden iletiniz kısa süre içerisinde bildirimlerinize geri dönüş sağlanılacaktır,haber merkezi̇ dargın yalan lan ara şarkılarıyla adını geniş kitlelere duyuran şarkıcı zeynep bastık yakışıklı oyuncu serkay tütüncü geçtiğimiz yıl aşk yaşamaya başlamıştı çiftin aşkı doludizgin devam ederken kutlama paylaşımları geldi aşkta bir yılını dolduran çift ınstagram hesaplarından fotoğraflar paylaştı,aşkta bir yılını dolduran yakışıklı oyuncu serkay tütüncü ve şarkıcı zeynep bastık ınstagram hesaplarında paylaştıkları paylaşımları binlerce beğeni aldı.
beşiktaş belediyesinde ali rıza yılmaza bağlı olarak farklı müdürlük hizmet veriyordu ali rıza yılmaz beşiktaş belediyesinde afet i̇şleri destek hizmetleri kadın aile hizmetleri ruhsat denetim müdürlüğü temizlik i̇şleri müdürlüğü zabıta müdürlüğünden sorumluydu chpde ilçe yöneticiliği il kongresi kurultay delegesi farklı görevler üstlenen ali rıza yılmaz yılları arasında sarıyer belediye başkanı şükrü gençin ekibinde belediye meclis üyeliği chp grup sözcülüğü chp i̇stanbul grup sözcülüğü yaptı dönemi beşiktaş belediyesi meclisi olarak görev yaptığı seçimler sonucunda beşiktaş belediye koordinatör başkan yardımcısı oldu yılında beşiktaş belediyesine yönelik yapılan ihaleye fesat karıştırma soruşturması kapsamında gözaltına alındı ali rıza yılmaz kimdir beşiktaş belediyesi başkan yardımcısı gözaltına alındıbeşiktaş belediyesine yönelik ihaleye fesat karıştırma soruşturması kapsamında belediye çalışanı hakkında gözaltı kararı alındı belediye başkan yardımcısı ali rıza yılmazda gözaltına alınan isimler arasında yer aldı peki beşiktaş belediye başkan yardımcısı ali rıza yılmaz kimdir gözaltına alındı haber merkezi son güncelleme paylaştwitterfacebookflipboardlinki kopyala beşiktaş belediyesinde ali rıza yılmaza bağlı olarak farklı müdürlük hizmet veriyordu ali rıza yılmaz beşiktaş belediyesinde afet i̇şleri destek hizmetleri kadın aile hizmetleri ruhsat denetim müdürlüğü temizlik i̇şleri müdürlüğü zabıta müdürlüğünden sorumluydu chpde ilçe yöneticiliği il kongresi kurultay delegesi farklı görevler üstlenen ali rıza yılmaz yılları arasında sarıyer belediye başkanı şükrü gençin ekibinde belediye meclis üyeliği chp grup sözcülüğü chp i̇stanbul grup sözcülüğü yaptı dönemi beşiktaş belediyesi meclisi olarak görev yaptığı seçimler sonucunda beşiktaş belediye koordinatör başkan yardımcısı oldu yılında beşiktaş belediyesine yönelik yapılan ihaleye fesat karıştırma soruşturması kapsamında gözaltına alındı haber kaynak ntvcomtr yayınlanan haber diğer içerikler ilgili olarak yasal bildirimlerinizi bize iletişim sayfası üzerinden iletiniz kısa süre içerisinde bildirimlerinize geri dönüş sağlanılacaktır,beşiktaş belediyesinde ali rıza yılmaza bağlı olarak farklı müdürlük hizmet veriyordu,beşiktaş belediyesine yönelik ihaleye fesat karıştırma soruşturması kapsamında b Belediye çalışanı hakkında gözaltı kararı alındı peki beşiktaş Belediyesi başkan yardımcısı ali rıza yılmazda gözaltına alınan isimler arasında yer aldı.
ak parti genel başkan yardımcısı hayati yazıcı nisan emuhtırasının yıldönümüne ilişkin bir açıklama yaptı yazıcı siyasetinin temeline millet iradesini yerleştiren ak parti milletimizden aldığı güçle milletimizin hukukunu çiğnetmeden nisan darbe teşebbüsünü geri püskürtmüş bildiri metnini buruşturup atmıştır ifadesini kullandı türkiyenin partili siyasal hayatının li yıllara kadar olan kısmının darbeler cuntalar vesayet lekeleriyle dolu olduğunu anımsatan yazıcı şunları kaydetti siyasi tarihimizde milletin hukukunu korumak üzere milletten yetki alarak görev üstlenmiş kadroların dağınıklığı dirençsizliği nedeniyle maalesef millet iradesi devre dışı kalmış koruyup kollama gerekçesiyle yapılan darbeler yüzünden millet alanda büyük kayıplara düçar hale getirilmiştir demokrasiyi hazmedemeyen vesayetçi unsurları nisan emuhtırası doğrudan millet iradesini gücünü milletten alan ak parti hükümetini hedef almıştır girişim şeyden önce milletimizin hukukunu iradesini yok sayan antidemokratik bir girişim olarak tarihe geçmiştir milletin hukukunu korumak insanımızın önündeki sosyoekonomik engelleri ortadan kaldırmak ekmeğini büyütmek hayat standardını yükseltmek liderimiz recep tayyip erdoğan öncülüğünde bir araya gelmiş erdemli kadrolar olarak egemenliğin yegane sahibi millet iradesine yönelik teşebbüs karşısında tereddüt etmeden milletten yana tavır almış milletin hukukunu devre dışı bırakmayı hedefleyen darbe teşebbüsüne karşı dik durarak kararlı tavrını hiçbir duraksamaya mahal vermeksizin ortaya koymuş bir kadroyuz ak parti genel başkan yardımcısı hayati yazıcı parti̇li̇ si̇yasi̇ tari̇hi̇mi̇zde duruş i̇lkti̇r ak partinin hukuksuzluk darbe heveslileri karşısında hiçbir tereddüt yaşamadığının meydanı cunta zihniyetine destekçilerine bırakmadığının milletin egemenlik hakkından yana dimdik durduğunun söyleyen yazıcı cunta sicili kabarık olanların hizalandığı yerin yine milletin yanı olmadığını cuntacıların muhtıranın alkışlayanı olduğunu dile getirdi siyasi tarihte ilk darbe önleyen partinin cumhurbaşkanı erdoğan öncülüğünde dik durarak darbeye geçit vermeyen ak parti olduğunu söyleyen yazıcı şunları paylaştı siyasetinin temeline millet iradesini yerleştiren ak parti milletimizden aldığı güçle milletimizin hukukunu çiğnetmeden nisan darbe teşebbüsünü geri püskürtmüş bildiri metnini buruşturup atmıştırbu perspektifle ele alındığında ak partinin nisan emuhtıraya karşı duruşunun siyasal okunuşu vardır i̇lkesel olarak darbelere karşı politik duruş geliştiren ak parti siyasi pratiğinde bunu net kararlı bir şekilde göstermiştir ak parti liderinin öncülüğünde birlikte milletin hukukuna sahip çıkarak dik durmuş darbeyi önlemiştir partili siyasi tarihimizde duruş ilktir kıymetlidir aziz milletimiz darbe girişiminin ardından gerçekleştirilen ilk seçimde ak partiye güçlü desteğini yineleyerek yeniden yetkilendirmiş demokrasi düşmanlarına vesayet odaklarına cunta zihniyetine güçlü cevabı vermiştir gelişmelerden zamanında haberdar olmak istiyor musunuz google newstentvye abone olun abone ol ak partiden nisan açıklaması bildiri metni buruşturup atıldıbugün nisan emuhtırasının yıl dönümü ak parti genel başkan yardımcısı hayati yazıcı emuhatıranın yıldönümüne ilişkin bir açıklama yaptı yazıcı ak parti milletimizden aldığı güçle milletimizin hukukunu çiğnetmeden nisan darbe teşebbüsünü geri püskürtmüş bildiri metnini buruşturup atmıştır dedi aa ak parti genel başkan yardımcısı hayati yazıcı nisan emuhtırasının yıldönümüne ilişkin bir açıklama yaptı yazıcı siyasetinin temeline millet iradesini yerleştiren ak parti milletimizden aldığı güçle milletimizin hukukunu çiğnetmeden nisan darbe teşebbüsünü geri püskürtmüş bildiri metnini buruşturup atmıştır ifadesini kullandı türkiyenin partili siyasal hayatının li yıllara kadar olan kısmının darbeler cuntalar vesayet lekeleriyle dolu olduğunu anımsatan yazıcı şunları kaydetti siyasi tarihimizde milletin hukukunu korumak üzere milletten yetki alarak görev üstlenmiş kadroların dağınıklığı dirençsizliği nedeniyle maalesef millet iradesi devre dışı kalmış koruyup kollama gerekçesiyle yapılan darbeler yüzünden millet alanda büyük kayıplara düçar hale getirilmiştir demokrasiyi hazmedemeyen vesayetçi unsurları nisan emuhtırası doğrudan millet iradesini gücünü milletten alan ak parti hükümetini hedef almıştır girişim şeyden önce milletimizin hukukunu iradesini yok sayan antidemokratik bir girişim olarak tarihe geçmiştir milletin hukukunu korumak insanımızın önündeki sosyoekonomik engelleri ortadan kaldırmak ekmeğini büyütmek hayat standardını yükseltmek liderimiz recep tayyip erdoğan öncülüğünde bir araya gelmiş erdemli kadrolar olarak egemenliğin yegane sahibi millet iradesine yönelik teşebbüs karşısında tereddüt etmeden milletten yana tavır almış milletin hukukunu devre dışı bırakmayı hedefleyen darbe teşebbüsüne karşı dik durarak kararlı tavrını hiçbir duraksamaya mahal vermeksizin ortaya koymuş bir kadroyuz ak parti genel başkan yardımcısı hayati yazıcı parti̇li̇ si̇yasi̇ tari̇hi̇mi̇zde duruş i̇lkti̇r ak partinin hukuksuzluk darbe heveslileri karşısında hiçbir tereddüt yaşamadığının meydanı cunta zihniyetine destekçilerine bırakmadığının milletin egemenlik hakkından yana dimdik durduğunun söyleyen yazıcı cunta sicili kabarık olanların hizalandığı yerin yine milletin yanı olmadığını cuntacıların muhtıranın alkışlayanı olduğunu dile getirdi siyasi tarihte ilk darbe önleyen partinin cumhurbaşkanı erdoğan öncülüğünde dik durarak darbeye geçit vermeyen ak parti olduğunu söyleyen yazıcı şunları paylaştı siyasetinin temeline millet iradesini yerleştiren ak parti milletimizden aldığı güçle milletimizin hukukunu çiğnetmeden nisan darbe teşebbüsünü geri püskürtmüş bildiri metnini buruşturup atmıştırbu perspektifle ele alındığında ak partinin nisan emuhtıraya karşı duruşunun siyasal okunuşu vardır i̇lkesel olarak darbelere karşı politik duruş geliştiren ak parti siyasi pratiğinde bunu net kararlı bir şekilde göstermiştir ak parti liderinin öncülüğünde birlikte milletin hukukuna sahip çıkarak dik durmuş darbeyi önlemiştir partili siyasi tarihimizde duruş ilktir kıymetlidir aziz milletimiz darbe girişiminin ardından gerçekleştirilen ilk seçimde ak partiye güçlü desteğini yineleyerek yeniden yetkilendirmiş demokrasi düşmanlarına vesayet odaklarına cunta zihniyetine güçlü cevabı vermiştir gelişmelerden zamanında haberdar olmak istiyor musunuz google newstentvye abone olun abone ol haber kaynak ntvcomtr yayınlanan haber diğer içerikler ilgili olarak yasal bildirimlerinizi bize iletişim sayfası üzerinden iletiniz kısa süre içerisinde bildirimlerinize geri dönüş sağlanılacaktır,ak parti genel başkan yardımcısı hayati yazıcı nisan emuhtırasının yıldönümüne ilişkin bir açıklama yaptı,Cumhuriyet Halk Partisi (CHP) Genel Başkan Yardımcısı hayati yazıcı nisan emuhtırasının yıldönümüne ilişkin bir açıklama yaptı ve darbe teşebbüsünü geri püskürtmüş bildiri metnini buruşturup atıldı.
ak parti kocaeli i̇l i̇stişare kurulu üyesi burhan abiş yaşında hayatını kaybetti bir süredir tedavi gördüğü kocaeli şehir hastanesinde vefat eden abiş evli dört çocuk babasıydı tazi̇ye mesajları kocaeli büyükşehir belediye başkanı tahir büyükakın sosyal medya hesabından paylaştığı başsağlığı mesajında cumhurbaşkanımız sayın recep tayyip erdoğanın kadim yol arkadaşı ulaşlı eski belediye başkanımız kıymetli büyüğümüz burhan abişe allahtan rahmet diliyorum ailesine sevenlerine yakınlarına başsağlığı sabır temenni ediyorum ifadelerini kullandı tbmm başkanı numan kurtulmuş burhan abiş taziye mesajı yayımladı kurtulmuş sosyal medya hesabından paylaştığı mesajda şunları ifade etti milli görüş hareketinin öncülerinden ulaşlı eski belediye başkanı değerli burhan abiş ağabeyimize cenabı allahtan rahmet ailesine yakınlarına başsağlığı diliyorum ömrünü davasına milletine memleketine adamış hizmetleriyle gönüllerde derin izler bırakmış olan kıymetli ağabeyimiz daima hayırla yad edilecektir rabbim mekanını cennet makamını ali eylesin burhan abi̇ş ki̇mdi̇r doğumlu olan burhan abiş ulaşlı belediye başkanı olarak yılları arasında görev yapmıştır ayrıca cumhurbaşkanı recep tayyip erdoğan yakın bir dostluk ilişkisi bulunmaktadır ak partinin kurucularından burhan abiş hayatını kaybetti burhan abiş kimdirak parti kocaeli i̇l i̇stişare kurulu üyesi burhan abiş tedavi gördüğü hastanede yaşamını yitirdi yaşında hayatını kaybeden burhan abiş ak partinin kurucu isimlerinden biriydi haber merkezi paylaştwitterfacebookflipboardlinki kopyala ak parti kocaeli i̇l i̇stişare kurulu üyesi burhan abiş yaşında hayatını kaybetti bir süredir tedavi gördüğü kocaeli şehir hastanesinde vefat eden abiş evli dört çocuk babasıydı tazi̇ye mesajları kocaeli büyükşehir belediye başkanı tahir büyükakın sosyal medya hesabından paylaştığı başsağlığı mesajında cumhurbaşkanımız sayın recep tayyip erdoğanın kadim yol arkadaşı ulaşlı eski belediye başkanımız kıymetli büyüğümüz burhan abişe allahtan rahmet diliyorum ailesine sevenlerine yakınlarına başsağlığı sabır temenni ediyorum ifadelerini kullandı tbmm başkanı numan kurtulmuş burhan abiş taziye mesajı yayımladı kurtulmuş sosyal medya hesabından paylaştığı mesajda şunları ifade etti milli görüş hareketinin öncülerinden ulaşlı eski belediye başkanı değerli burhan abiş ağabeyimize cenabı allahtan rahmet ailesine yakınlarına başsağlığı diliyorum ömrünü davasına milletine memleketine adamış hizmetleriyle gönüllerde derin izler bırakmış olan kıymetli ağabeyimiz daima hayırla yad edilecektir rabbim mekanını cennet makamını ali eylesin burhan abi̇ş ki̇mdi̇r doğumlu olan burhan abiş ulaşlı belediye başkanı olarak yılları arasında görev yapmıştır ayrıca cumhurbaşkanı recep tayyip erdoğan yakın bir dostluk ilişkisi bulunmaktadır haber kaynak ntvcomtr yayınlanan haber diğer içerikler ilgili olarak yasal bildirimlerinizi bize iletişim sayfası üzerinden iletiniz kısa süre içerisinde bildirimlerinize geri dönüş sağlanılacaktır,ak parti kocaeli i̇l i̇stişare kurulu üyesi burhan abiş yaşında hayatını kaybetti bir süredir tedavi gördüğü kocaeli şehir hastanesinde vefat eden abiş evli dört çocuk babasıydı,Türkiye Büyük Millet Meclisi (TBM) Genel Kurulu'nda yer alan toplantıda ak partinin kurucu isimlerinden burhan abiş tedavi gördüğü hastanede yaşamını yitirdi.
chp parti meclisi üyeleri kimler chp parti meclisi pm yüksek disiplin kurulu listesi ydkchp parti meclisi listesi olağanüstü kurultayın ardından yakından takip ediliyor olağanüstü kurultay dün gerçekleştirilirken cumhuriyet halk partisinin a takımı belli oldu kurultayda genel başkan olarak tek aday olan özgür özel seçilirken sürpriz isimler listeye girdi kurultayda parti meclisi yüksek disiplin kurulu üyeleri yeniden belirlendi chpde pm listesi ydk kişinin başvuru bulunduğu seçimin resmi olmayan sonuçları belli oldu peki chp parti meclisi listesinde kimler var i̇şte resmi olmayan sonuçlara göre liste ntvcomtr chpde mevcut merkez yönetim kurulunun myk büyük çoğunluğu parti meclisi listesinde yer aldı chpnin a takımında yer alan isimler belli oldu olağanüstü kurultayda parti meclisinde yüksek oyu zonguldak milletvekili deniz yavuzyılmaz alırken ydk seçimlerinde özgür sağlam aldı nazım hikmet kültür merkezinde düzenlenen chp kurultayı sonrasında kişilik pm kişilik ydk üyeleri seçildi kurultay sonrasında chpnin a takımında yer alan isimler merak ediliyor peki chp parti meclisi listesinde kimler var i̇şte sonuçlar chpnin olağanüstü kurultayında parti meclisi üyeleri belirlendi resmi olmayan sonuçlara göre kişilik listede fazla oyu zonguldak milletvekili deniz yavuzyılmaz alırken i̇stanbul milletvekili suat özçağdaş oy aldı i̇şte chpnin parti meclisinde yer alan isimler deniz yavuzyılmaz suat özçağdaş mahmut tanal meryem gül çiftçi binici ensar aytekin hikmet erbilgin gamze taşcıer ali abbas ertürk canan taşer mahit yüksek namık tan turgay özcan selin sayek böke özgür karabat berkay gezin erhan adem baki aydöner semre dinçer saniye barut deniz yücel nurhayat altaca kayışoğlu ozan ışık ali haydar hakverdi yalçın görgöz burhanettin bulut ali haydar fırat murat bakan melisa uğraş pınar uzun okakın ulaş karasu bedirhan berk doğru hikmet yalım halıcı nazan güneysu burcu mazıcıoğlu mehmet necati yağcı zeliha aksaz şahbaz i̇smail atakan ünver ecevit keleş mustafa sezgin tanrıkulu berna özgül şengül yeşildal mehmet alkın denizaslanı gökan zeybek uğurcan i̇rak özgür ceylansinem kırçiçek sevgi kılıç engin özkoç niyazi şen aylin nazlıaka ahmet hakan uyanık uygar parçal hatırlatma yukarıdaki liste resmi olmayan sonuçlara göre hazırlanmıştır haber kaynak ntvcomtr yayınlanan haber diğer içerikler ilgili olarak yasal bildirimlerinizi bize iletişim sayfası üzerinden iletiniz kısa süre içerisinde bildirimlerinize geri dönüş sağlanılacaktır,chp parti meclisi üyeleri kimler chp parti meclisi pm yüksek disiplin kurulu listesi ydkchp parti meclisi listesi olağanüstü kurultayın ardından yakından takip ediliyor olağanüstü kurultay dün gerçekleştirilirken cumhuriyet halk partisinin a takımı belli oldu kurultayda genel başkan olarak tek aday olan özgür özel seçilirken sürpriz isimler listeye girdi kurultayda parti meclisi yüksek disiplin kurulu üyeleri yeniden belirlendi chpde pm listesi ydk kişinin başvuru bulunduğu seçimin resmi olmayan sonuçları belli oldu peki chp parti meclisi listesinde kimler var i̇şte resmi olmayan sonuçlara göre liste,Cumhuriyet Halk Partisi'nin (CHP) 37. Olağanüstü Kurultayı dün gerçekleştirilirken cumhuriyet halk partisinin a takımı belli oldu ydk seçimlerinde özgür özel seçilirken sürpriz isimler listeye girdi.
siyasette mansur yavaşın cumhurbaşkanlığı adaylııyla ilgili tartışmalar sürüyor ankara büyükşehir belediye abb başkanı mansur yavaştan dikkat çeken bir açıklama geldi yavaş döneminin son dönemi olduğunu söyleyerek benim son dönemim i̇nşallah ankarada polatlımızda güzel hizmetler yaparak ikinci dönemin sonunda görevi bırakmayı düşünüyoruz konuştu ntvyi sosyal medyadan takip edinmansur yavaş dönem sonu görevi bırakacağımcumhurbaşkanlığı adaylığıyla ilgili tartışmalar sürerken ankara büyükşehir belediye başkanı mansur yavaş i̇kinci dönemin sonunda görevi bırakmayı düşünüyorum dedi i̇ha siyasette mansur yavaşın cumhurbaşkanlığı adaylııyla ilgili tartışmalar sürüyor ankara büyükşehir belediye abb başkanı mansur yavaştan dikkat çeken bir açıklama geldi yavaş döneminin son dönemi olduğunu söyleyerek benim son dönemim i̇nşallah ankarada polatlımızda güzel hizmetler yaparak ikinci dönemin sonunda görevi bırakmayı düşünüyoruz konuştu ntvyi sosyal medyadan takip edin haber kaynak ntvcomtr yayınlanan haber diğer içerikler ilgili olarak yasal bildirimlerinizi bize iletişim sayfası üzerinden iletiniz kısa süre içerisinde bildirimlerinize geri dönüş sağlanılacaktır,siyasette mansur yavaşın cumhurbaşkanlığı adaylııyla ilgili tartışmalar sürüyor,ankara büyükşehir belediye başkanı mansur yavaş dönem sonu görevi bırakacağımcumhurbaşkanlığı adaylığıyla ilgili tartışmalar sürerken  Ankara Büyükşehir Belediye Başkanı abb başkanından dikkat çeken bir açıklama geldi.
ak partigenelmerkezindeki myk toplantısı cumhurbaşkanı recep tayyip erdoğan başkanlığında saat te başladı toplantıda mali i̇dari i̇şler başkanlığının sunum önerilerinin değerlendirilmesi bekleniyor tanıtım medya başkanlığı ekonomi i̇şler başkanlığı tarafından sunum yapılacağı öğrenildi ak parti grup başkanı abdullah gülerin meclis çalışmalarıyla ilgili sunum yapacağı belirtildi i̇srai̇li̇n gazze saldırıları toplantı devam ederken ak parti sözcüsü ömer çelik açıklamalarda bulunuyor çelikin satırbaşları şöyle i̇srai̇li̇n gazzedeki̇ saldırıları myk toplantımız devam ediyor gazzedeki saldırıyı takip ediyoruz cumhurbaşkanımız diploması trafiğini güçlü bir şekilde devam ettiriyor katliamlarla insani durum vahi boyuta ulaştı gıda yardımının kesilmesinden katliam makinaları tarafından hedef alınmalarına kadar facia devam etmektedir terörsüz türki̇ye bahçeli istiharati sonrasında tekrar göreve başladı bahçelinin istirahati sürecinde terörsüz türkiye konusundaki hassasiyetini güçlü bir şekilde takip etti nitekim yaptığı açıklamalarla terörsüz türkiye hedefine ulaşılabilmesi önemli değerlendirmeler uyarılar yaptı önümüzdeki dönemde dönemde sürecin başarıya ulaşması aşamaları yakından göreceğiz çalışmalarımızı sürdürüyoruz özeli̇n boykot çağrısı bütün açılardan bakıldığında uzun zamandır özgür özeli büyük bir siyasi fanatizm dili kullanmakta sosyal bölücülük dediğimiz zararlı faaliyete imza atmaktadır vatandaşımızda kabul görmemiştir cunta tartışması açıklama seçilmiş iradeye saygısızlığın neticesidir ntvyi sosyal medyadan takip edinak parti myk toplandı çelik özel fanatizm dili kullanıp bölücüğe imza atıyorak parti merkez yürütme kurulu myk cumhurbaşkanı recep tayyip erdoğan başkanlığında toplandı ak parti sözcüsü ömer çelik chp lideri özgür özelin boykot çağrısına ilişkin sosyal bölücülük dediğimiz zararlı faaliyete imza atmaktadır dedi dha ak partigenelmerkezindeki myk toplantısı cumhurbaşkanı recep tayyip erdoğan başkanlığında saat te başladı toplantıda mali i̇dari i̇şler başkanlığının sunum önerilerinin değerlendirilmesi bekleniyor tanıtım medya başkanlığı ekonomi i̇şler başkanlığı tarafından sunum yapılacağı öğrenildi ak parti grup başkanı abdullah gülerin meclis çalışmalarıyla ilgili sunum yapacağı belirtildi i̇srai̇li̇n gazze saldırıları toplantı devam ederken ak parti sözcüsü ömer çelik açıklamalarda bulunuyor çelikin satırbaşları şöyle i̇srai̇li̇n gazzedeki̇ saldırıları myk toplantımız devam ediyor gazzedeki saldırıyı takip ediyoruz cumhurbaşkanımız diploması trafiğini güçlü bir şekilde devam ettiriyor katliamlarla insani durum vahi boyuta ulaştı gıda yardımının kesilmesinden katliam makinaları tarafından hedef alınmalarına kadar facia devam etmektedir terörsüz türki̇ye bahçeli istiharati sonrasında tekrar göreve başladı bahçelinin istirahati sürecinde terörsüz türkiye konusundaki hassasiyetini güçlü bir şekilde takip etti nitekim yaptığı açıklamalarla terörsüz türkiye hedefine ulaşılabilmesi önemli değerlendirmeler uyarılar yaptı önümüzdeki dönemde dönemde sürecin başarıya ulaşması aşamaları yakından göreceğiz çalışmalarımızı sürdürüyoruz özeli̇n boykot çağrısı bütün açılardan bakıldığında uzun zamandır özgür özeli büyük bir siyasi fanatizm dili kullanmakta sosyal bölücülük dediğimiz zararlı faaliyete imza atmaktadır vatandaşımızda kabul görmemiştir cunta tartışması açıklama seçilmiş iradeye saygısızlığın neticesidir ntvyi sosyal medyadan takip edin haber kaynak ntvcomtr yayınlanan haber diğer içerikler ilgili olarak yasal bildirimlerinizi bize iletişim sayfası üzerinden iletiniz kısa süre içerisinde bildirimlerinize geri dönüş sağlanılacaktır,ak partigenelmerkezindeki myk toplantısı cumhurbaşkanı recep tayyip erdoğan başkanlığında saat te başladı,Cumhuriyet Halk Partisi (CHP) merkez yürütme kurulu mik toplantısında özgür özelin boykot çağrısına ilişkin sosyal bölücülük dediğimiz zararlı faaliyete imza atıyor
chp cumhurbaşkanı adayı belirleme seçimi zaman yapılacak chp ön seçim sandıkları kurulacakchp cumhurbaşkanı adayı belirleme ön seçimlerinde normal vatandaşlarda oy kullanabilecek cumhuriyet halk partisi bir sonraki cumhurbaşkanlığı seçiminde partinin adayını belirlemek amacıyla ön seçim yapmaya hazırlanıyor i̇stanbul büyükşehir belediye başkanı ekrem i̇mamoğlu şartları sağlayarak chp ön seçimine aday olarak katılacaktı i̇mamoğlunun i̇stanbul başsavcılığı tarafından yürütülen soruşturma kapsamında gözaltına alınırken gözler chpnin cumhurbaşkanı adayına çevrildi peki chp ön seçimi zaman sandıklar kurulacak chp ön seçim yapılacak i̇şte yapılan son açıklamalar haber merkezi paylaştwitterfacebookflipboardlinki kopyala cumhuriyet halk partisi ön seçimi geri sayım başladı chp cumhurbaşkanlığı ön seçimi hazırlıklar devam ederken genel başkan yardımcısı gül çiftçi sosyal medya hesabından yaptığı paylaşımda seçimlerde sandığa giden vatandaşların oy kullanabileceğini duyurdu vatandaşlar seçim sandıklarının nerelere kurulacağını oy kullanabileceğini araştırıyor türkiye genelinde yaklaşık bin sandıkta oy kullanma işlemleri yapılacak siyasi parti üyeliği olmayan vatandaşlar başka bir sandık üzerinden oy kullanabilecek peki chp cumhurbaşkanlığı ön seçimi sandıklar kurulacak i̇şte chp cumhurbaşkanlığı ön seçim tarihi cumhuriyet halk partisi cumhurbaşkanı adayını belirlemek ön seçimde sandığa gidecek chpden açıklanan takvime göre cumhurbaşkanı aday adaylığı başvuruları şubatta başlarken şartları sağlayan adaylar şubat cumartesi günü ilan edildi chp cumhurbaşkanlığı ön seçimi mart pazar günü yapılacak chp genel başkan yardımcısı pınar uzun okakın sosyal medya hesabından yaptığı açıklamada martta oy kullanmak üzere dayanışma sandıklarının yerini öğrenmek isteyen vatandaşlarımız üzerinden sandık alanları listelerimize i̇l i̇lçe seçerek ulaşabilirler üyemiz olmadan dayanışma sandığında desteğini sunacak olan kıymetli vatandaşlarımız chp üyesi değilim sekmesiyle sandık alanlarımızı görebileceklerdir sandık alanı adlarının yeterince açık tanımlanabildiğinden emin olabilmek adına gün içinde tam adresler detaylandırılarak güncellenmeye devam edecektir dedi şubatta başvuru yapan isimlerden birisi olan i̇stanbul büyükşehir belediye başkanı ekrem i̇mamoğlu i̇stanbul cumhuriyet başsavcılığı tarafından yürütülen soruşturma kapsamında gözaltına alındı i̇mamoğlu chp tarafından düzenlenecek ön seçimde tek aday olarak seçime girmeye hazırlanıyordu partiden konuyla ilgili resmi bir açıklama yapılmadı haber kaynak ntvcomtr yayınlanan haber diğer içerikler ilgili olarak yasal bildirimlerinizi bize iletişim sayfası üzerinden iletiniz kısa süre içerisinde bildirimlerinize geri dönüş sağlanılacaktır,chp cumhurbaşkanı adayı belirleme seçimi zaman yapılacak chp ön seçim sandıkları kurulacakchp cumhurbaşkanı adayı belirleme ön seçimlerinde normal vatandaşlarda oy kullanabilecek cumhuriyet halk partisi bir sonraki cumhurbaşkanlığı seçiminde partinin adayını belirlemek amacıyla ön seçim yapmaya hazırlanıyor i̇stanbul büyükşehir belediye başkanı ekrem i̇mamoğlu şartları sağlayarak chp ön seçimine aday olarak katılacaktı i̇mamoğlunun i̇stanbul başsavcılığı tarafından yürütülen soruşturma kapsamında gözaltına alınırken gözler chpnin cumhurbaşkanı adayına çevrildi peki chp ön seçimi zaman sandıklar kurulacak chp ön seçim yapılacak i̇şte yapılan son açıklamalar,Cumhuriyet Halk Partisi (Chp) bir sonraki cumhurbaşkanlığı seçiminde partinin adayını belirlemek amacıyla ön seçim yapmaya hazırlanıyor siyasi parti üyeliği olmayan vatandaşlarda oy kullanabilecek
ntv uygulamasını indirin gelişmelerden haberdar olun tbmm genel kurulu i̇klim kanunu teklifinin görüşmelerine devam edecek uluslararası anlaşmaların onaylanmasının uygun bulunduğuna dair kanun tekliflerini ele alacak haftalık çalışmasına nisan salı günü başlayacak genel kurul ilk maddesi kabul edilen i̇klim kanunu teklifinin görüşmelerine devam edecek teklife göre ilde vali başkanlığında i̇l i̇klim değişikliği koordinasyon kurulu oluşturulacak sera gazı emisyonları ulusal katkı beyanı net sıfır emisyon hedefi i̇klim değişikliği başkanlığının strateji eylem planları doğrultusunda azaltılacak i̇klim değişikliği başkanlığı ulusal sektörel tematik raporlar hazırlayacak teşvik mekanizmaları geliştirecek türkiye yeşil taksonomisini kuracak i̇thal edilen malların gömülü sera gazı emisyonlarını ele almak sınırda karbon düzenleme mekanizması kurulabilecek mi̇lyon li̇raya kadar ceza kesi̇lecek i̇klim değişikliği başkanlığınca emisyon ticaret sistemi kurulacak karbon piyasası kurulu ulusal tahsisat planını onaylayacak ets piyasasında ücretsiz tahsisatların dağılımına karar verecek doğrudan sera gazı emisyonlarına olan faaliyetleri yürüten işletmelerin i̇klim değişikliği başkanlığından sera gazı emisyon izni alması zorunlu olacak sera gazı emisyonlarının takibine ilişkin yasaklara sınırlamalara aykırı olarak doğrulanmış sera gazı emisyonu raporunu süresi içerisinde sunmayanlar bin türk lirasından milyon türk lirasına kadar idari para cezasına çarptırılacak ozon tabakasını i̇ncelten madde kullananlara ağır ceza ozon tabakasını incelten maddeleri kullanan ithal eden ticaretini yapan piyasaya arz edenlere milyon türk lirası maddeleri içeren ürünlere ekipmana bakım onarım servis amaçlı hizmet veren gerçek tüzel kişilere bin türk lirası maddeleri içeren ürünlerin ekipmanın etiketlenmesi hükümlerine uymayanlara bin türk lirası idari para cezası verilecek florlu sera gazlarına ilişkin usul esaslara yasaklara sınırlamalara aykırı olarak florlu sera gazlarını kullanan ticaretini yapan piyasaya arz edenlere milyon türk lirası idari para cezası verilecek aydan aya kadar hidroflorokarbon kontrol belgesi verilmeyecekdoğrulanmış yıllık sera gazı emisyon raporu bulunmayan işletmelere milyon türk lirasından milyon türk lirasına kadar idari para cezası uygulanacak genel kurul teklifin görüşmelerinin tamamlanmasının ardından uluslararası anlaşmaların onaylanmasının uygun bulunduğuna dair kanun tekliflerini ele alacak tbmm genel kurulu çağrı merkezi̇ni̇ meşgul edenlere ceza plan bütçe komisyonu anayasa mahkemesinin iptal kararları doğrultusunda hazırlanan kanunlar sayılı kanun hükmünde kararnamede değişiklik yapılmasına dair kanun teklifinin görüşmelerine başlayacak teklife göre acil çağrı merkezini meşgul etmek amacıyla arayarak görevlilerle konuşan ısrarla çağrı bırakanlara uygulanan idari para cezası liradan liraya yükseltilecek acil çağrı merkezine yapılan ihbarın asılsız olduğunun olay yerine giden ekiplerce tutanakla tespit edilmesi halinde bin lira idari para cezası verilecek gençlik spor bakanlığı tarafından mevzuat hükümleri gereği yürütülen hizmetler kapsamında elde edilen gelirler özel gelir olarak kaydedilecek bakanlık gelirleri yine bakanlık bütçesi içerisinde kullanılacak tasarruf mevduatı sigorta fonunun tmsf uzman uzman yardımcıları sınav yeterlilik tez uzmanlığa atanma hususlar bakımından devlet memurları kanununun ek maddesindeki hükümlere tabi olarak istihdam edilecek üst kademe kamu yöneticisi olarak atanacaklarda aranan hizmet süresi hesabında yıllık yükseköğrenim gördükten sonra kamu kurum kuruluşlarında sosyal güvenlik kurumlarına tabi olmak kaydıyla uluslararası kuruluşlar özel sektörde serbest olarak fiilen çalışılan sürelerin tamamı dikkate alınacak ki̇t komi̇syonu kurumların hesaplarını görüşecek yapay zeka araştırma komisyonu özel şirketlerin yöneticilerini dinleyecek kamu i̇ktisadi teşebbüsleri ki̇t komisyonu kurumların yıllarına ait bilanço netice hesaplarının görüşmelerine başlayacak komisyon hafta toprak mahsulleri ofisi genel müdürlüğü atatürk orman çiftliği müdürlüğü devlet hava meydanları i̇şletmesi genel müdürlüğü makine kimya endüstrisi kurumu genel müdürlüğü askeri fabrika tersane i̇şletme aş devlet demiryolları i̇şletmesi genel müdürlüğü tcdd taşımacılık aş tcdd teknik mühendislik müşavirlik aş türkiye raylı sistem araçları sanayii aşnin bilanço netice hesaplarını ele alacak kartalkaya kayak merkezindeki otel yangınını araştırma komisyonunda ankara büyükşehir belediyesi i̇tfaiye dairesi başkanlığı konya büyükşehir belediyesi i̇tfaiye dairesi başkanlığı i̇tfaiyeciler birliği derneği yetkilileri sunum yapacak dilekçe komisyonunda bafa gölü antik latmos bölgesindeki sorunlarla ilgili çevre şehircilik i̇klim değişikliği enerji tabii kaynaklar kültür turizm tarım orman bakanlıklarının yetkilileri milletvekillerine bilgi verecek salı çarşamba günleri mecliste grubu bulunan siyasi partilerin grup toplantıları yapılacak gelişmelerden zamanında haberdar olmak istiyor musunuz google newstentvye abone olun abone ol mecliste yeni haftanın gündemitürkiye büyük millet meclisi genel kurulunu yeni haftada yoğun bir gündem bekliyor meclis genel kurulu i̇klim kanunu teklifinin görüşmelerini sürdürecek plan bütçe komisyonunda acil çağrı merkezini gereksiz yere meşgul edenlere para cezası getirecek düzenlemeyi ele alacak aa tbmm genel kurulu i̇klim kanunu teklifinin görüşmelerine devam edecek uluslararası anlaşmaların onaylanmasının uygun bulunduğuna dair kanun tekliflerini ele alacak haftalık çalışmasına nisan salı günü başlayacak genel kurul ilk maddesi kabul edilen i̇klim kanunu teklifinin görüşmelerine devam edecek teklife göre ilde vali başkanlığında i̇l i̇klim değişikliği koordinasyon kurulu oluşturulacak sera gazı emisyonları ulusal katkı beyanı net sıfır emisyon hedefi i̇klim değişikliği başkanlığının strateji eylem planları doğrultusunda azaltılacak i̇klim değişikliği başkanlığı ulusal sektörel tematik raporlar hazırlayacak teşvik mekanizmaları geliştirecek türkiye yeşil taksonomisini kuracak i̇thal edilen malların gömülü sera gazı emisyonlarını ele almak sınırda karbon düzenleme mekanizması kurulabilecek mi̇lyon li̇raya kadar ceza kesi̇lecek i̇klim değişikliği başkanlığınca emisyon ticaret sistemi kurulacak karbon piyasası kurulu ulusal tahsisat planını onaylayacak ets piyasasında ücretsiz tahsisatların dağılımına karar verecek doğrudan sera gazı emisyonlarına olan faaliyetleri yürüten işletmelerin i̇klim değişikliği başkanlığından sera gazı emisyon izni alması zorunlu olacak sera gazı emisyonlarının takibine ilişkin yasaklara sınırlamalara aykırı olarak doğrulanmış sera gazı emisyonu raporunu süresi içerisinde sunmayanlar bin türk lirasından milyon türk lirasına kadar idari para cezasına çarptırılacak ozon tabakasını i̇ncelten madde kullananlara ağır ceza ozon tabakasını incelten maddeleri kullanan ithal eden ticaretini yapan piyasaya arz edenlere milyon türk lirası maddeleri içeren ürünlere ekipmana bakım onarım servis amaçlı hizmet veren gerçek tüzel kişilere bin türk lirası maddeleri içeren ürünlerin ekipmanın etiketlenmesi hükümlerine uymayanlara bin türk lirası idari para cezası verilecek florlu sera gazlarına ilişkin usul esaslara yasaklara sınırlamalara aykırı olarak florlu sera gazlarını kullanan ticaretini yapan piyasaya arz edenlere milyon türk lirası idari para cezası verilecek aydan aya kadar hidroflorokarbon kontrol belgesi verilmeyecekdoğrulanmış yıllık sera gazı emisyon raporu bulunmayan işletmelere milyon türk lirasından milyon türk lirasına kadar idari para cezası uygulanacak genel kurul teklifin görüşmelerinin tamamlanmasının ardından uluslararası anlaşmaların onaylanmasının uygun bulunduğuna dair kanun tekliflerini ele alacak tbmm genel kurulu çağrı merkezi̇ni̇ meşgul edenlere ceza plan bütçe komisyonu anayasa mahkemesinin iptal kararları doğrultusunda hazırlanan kanunlar sayılı kanun hükmünde kararnamede değişiklik yapılmasına dair kanun teklifinin görüşmelerine başlayacak teklife göre acil çağrı merkezini meşgul etmek amacıyla arayarak görevlilerle konuşan ısrarla çağrı bırakanlara uygulanan idari para cezası liradan liraya yükseltilecek acil çağrı merkezine yapılan ihbarın asılsız olduğunun olay yerine giden ekiplerce tutanakla tespit edilmesi halinde bin lira idari para cezası verilecek gençlik spor bakanlığı tarafından mevzuat hükümleri gereği yürütülen hizmetler kapsamında elde edilen gelirler özel gelir olarak kaydedilecek bakanlık gelirleri yine bakanlık bütçesi içerisinde kullanılacak tasarruf mevduatı sigorta fonunun tmsf uzman uzman yardımcıları sınav yeterlilik tez uzmanlığa atanma hususlar bakımından devlet memurları kanununun ek maddesindeki hükümlere tabi olarak istihdam edilecek üst kademe kamu yöneticisi olarak atanacaklarda aranan hizmet süresi hesabında yıllık yükseköğrenim gördükten sonra kamu kurum kuruluşlarında sosyal güvenlik kurumlarına tabi olmak kaydıyla uluslararası kuruluşlar özel sektörde serbest olarak fiilen çalışılan sürelerin tamamı dikkate alınacak ki̇t komi̇syonu kurumların hesaplarını görüşecek yapay zeka araştırma komisyonu özel şirketlerin yöneticilerini dinleyecek kamu i̇ktisadi teşebbüsleri ki̇t komisyonu kurumların yıllarına ait bilanço netice hesaplarının görüşmelerine başlayacak komisyon hafta toprak mahsulleri ofisi genel müdürlüğü atatürk orman çiftliği müdürlüğü devlet hava meydanları i̇şletmesi genel müdürlüğü makine kimya endüstrisi kurumu genel müdürlüğü askeri fabrika tersane i̇şletme aş devlet demiryolları i̇şletmesi genel müdürlüğü tcdd taşımacılık aş tcdd teknik mühendislik müşavirlik aş türkiye raylı sistem araçları sanayii aşnin bilanço netice hesaplarını ele alacak kartalkaya kayak merkezindeki otel yangınını araştırma komisyonunda ankara büyükşehir belediyesi i̇tfaiye dairesi başkanlığı konya büyükşehir belediyesi i̇tfaiye dairesi başkanlığı i̇tfaiyeciler birliği derneği yetkilileri sunum yapacak dilekçe komisyonunda bafa gölü antik latmos bölgesindeki sorunlarla ilgili çevre şehircilik i̇klim değişikliği enerji tabii kaynaklar kültür turizm tarım orman bakanlıklarının yetkilileri milletvekillerine bilgi verecek salı çarşamba günleri mecliste grubu bulunan siyasi partilerin grup toplantıları yapılacak gelişmelerden zamanında haberdar olmak istiyor musunuz google newstentvye abone olun abone ol haber kaynak ntvcomtr yayınlanan haber diğer içerikler ilgili olarak yasal bildirimlerinizi bize iletişim sayfası üzerinden iletiniz kısa süre içerisinde bildirimlerinize geri dönüş sağlanılacaktır,ntv uygulamasını indirin gelişmelerden haberdar olun,Türkiye Büyük Millet Meclisi (TBM) genel kurulu iklim değişikliği teklifinin görüşmelerini sürdürecek plan bütçe komisyonunda acil çağrı merkezini gereksiz yere meşgul edenlere para cezası getirecek düzenlemeyi ele alacak.
can ataklı gazeteci yazar televizyon yorumcusudur basın dünyasında uzun yıllardır aktif olarak yer alan ataklı gazetecilik kariyerinde farklı medya kuruluşlarında köşe yazarlığı televizyon programcılığı yapmıştır peki can ataklı kimdir kaç yaşında nereli can ataklı ki̇mdi̇r can ataklı yılında i̇stanbulda doğmuştur eğitim hayatına i̇stanbulda başlayan ataklı i̇stanbul erkek lisesi i̇stanbul i̇ktisadi ticari i̇limler akademisi gazetecilik halkla i̇lişkiler yüksekokulu mezunudur medya sektörüne genç yaşlarda ilgi duyan ataklı gazeteciliğe olan tutkusunu meslek haline getirmek adımlar attı gazeteciliğe li yıllarda başlayan can ataklı farklı gazetelerde muhabirlik köşe yazarlığı yapmıştır kariyerinin ilerleyen dönemlerinde türkiyenin önde gelen gazetelerinde önemli köşe yazıları kaleme almış televizyon ekranlarında yorumculuk yapmıştır can ataklı hükümet politikalarına yönelik yaptığı analizlerle tanınır can ataklı zaman zaman yaptığı eleştiriler nedeniyle tartışmaların odağı haline gelmiştir can ataklı ilk evliliğini handan türkeli ikinci evliliğini ayşe savaşçın son evliliğini seyran savaş yaptı evlilikten peri adında bir kızı olmuştur gelişmelerden zamanında haberdar olmak istiyor musunuz google newstentvye abone olun abone ol can ataklı kimdir gazeteci can ataklının hayatıcan ataklı sosyal medya kullanıcılarının merak edip araştırdığı isimlerin başında yer almaya başladı i̇stanbul cumhuriyet başsavcılığı tarafından hakkında soruşturma başlatılan can ataklının hayatı kariyeri merak ediliyor peki can ataklı kimdir i̇şte gazeteci can ataklının hayatı ntvcomtr can ataklı gazeteci yazar televizyon yorumcusudur basın dünyasında uzun yıllardır aktif olarak yer alan ataklı gazetecilik kariyerinde farklı medya kuruluşlarında köşe yazarlığı televizyon programcılığı yapmıştır peki can ataklı kimdir kaç yaşında nereli can ataklı ki̇mdi̇r can ataklı yılında i̇stanbulda doğmuştur eğitim hayatına i̇stanbulda başlayan ataklı i̇stanbul erkek lisesi i̇stanbul i̇ktisadi ticari i̇limler akademisi gazetecilik halkla i̇lişkiler yüksekokulu mezunudur medya sektörüne genç yaşlarda ilgi duyan ataklı gazeteciliğe olan tutkusunu meslek haline getirmek adımlar attı gazeteciliğe li yıllarda başlayan can ataklı farklı gazetelerde muhabirlik köşe yazarlığı yapmıştır kariyerinin ilerleyen dönemlerinde türkiyenin önde gelen gazetelerinde önemli köşe yazıları kaleme almış televizyon ekranlarında yorumculuk yapmıştır can ataklı hükümet politikalarına yönelik yaptığı analizlerle tanınır can ataklı zaman zaman yaptığı eleştiriler nedeniyle tartışmaların odağı haline gelmiştir can ataklı ilk evliliğini handan türkeli ikinci evliliğini ayşe savaşçın son evliliğini seyran savaş yaptı evlilikten peri adında bir kızı olmuştur gelişmelerden zamanında haberdar olmak istiyor musunuz google newstentvye abone olun abone ol haber kaynak ntvcomtr yayınlanan haber diğer içerikler ilgili olarak yasal bildirimlerinizi bize iletişim sayfası üzerinden iletiniz kısa süre içerisinde bildirimlerinize geri dönüş sağlanılacaktır,can ataklı gazeteci yazar televizyon yorumcusudur basın dünyasında uzun yıllardır aktif olarak yer alan ataklı gazetecilik kariyerinde farklı medya kuruluşlarında köşe yazarlığı televizyon programcılığı yapmıştır peki can ataklı kimdir kaç yaşında nereli,Türkiye'de gazeteci can ataklı sosyal medya kullanıcılarının merak edip araştırdığı isimlerin başında yer almaya başladı. BBC News Türkçe'nin haber kaynakları
etkin pişmanlık failin suçun tamamlanmasından sonra işlediği suçtan pişmanlık duyarak belirli bir süre içinde suçun zararlı sonuçlarını ortadan kaldırma adli makamlarla iş birliği yaparak verdiği bilgilerle suçun aydınlatılmasına katkı sağlama aktif bir edimde bulunması karşılığında cezanın ortadan kaldırılması azaltılması sonucunu doğuran şahsi bir sebeptir etkin pişmanlık kurumuna birçok ülke ceza kanununda yer verilmiştir bunlardan bazıları etkin pişmanlığı genel bir hüküm olarak ele alırken diğer bazıları yalnızca belirli suçlar bakımından etkin pişmanlığa atıfta bulunmuştur etki̇np pi̇şmanlık teri̇mi̇ kökeni̇ etkin kelimesi türkçe sözlükte hareketli işleyen çalışan faal aktif dinamk anlamlarına gelmektedr pişmanlık pişman olma durumu nedamet anlamlarına karşılık gelmektedir ceza hukuku bakımından etkin pişmanlık kurumunun anlamı kelimelern sözlük anlamlarıyla paraleldir ceza hukuku doktrinde etkin pişmanlık kurumunun birçok tanımı yapılmaktadır doktrinde bir görüş etkin pişmanlığıkanunda gösterilen suçların tamamlanmasından sonra failin işledğ suçtan pişmanlık duyması belli bir muhakeme aşamasına kadar suçun olumsuz etkilerini gidermesi hlinde cezasını azaltan kaldıran şahsi bir sebep olarak tanımlarken başka bir görüş kurumu suçun tamamlanmasından sonra failin pişmanlık duyarak suçun işlenmesnin meydana getrdiği sonuçları gidermeye yönelik davranışlarda bulunması şeklinde açıklanmaktadır etki̇n pi̇şmanlık şartları gönüllü i̇tiraf suçlu yakalanmadan önce yakalandıktan hemen sonra yetkili makamlara başvurmalıdır zararın telafisi suç nedeniyle oluşan zarar varsa zararın giderilmesi adımlar atılmalıdır yetkili mercilere bilgi suç ortağı suçla ilgili bilgiler vererek olayın aydınlatılmasına katkı sağlamak gerekir etkin pişmanlık nedir etkin pişmanlık şartlarıetkin pişmanlık suç işleyen kişinin topluma yeniden kazandırılması adaletin sağlanması önemli bir mekanizmadır etkin pişmanlık yasası suç işleyen kişinin sonradan doğruyu söylemesi suçun aydınlatılmasına yardımcı olması zararı telafi etmesi durumlarda devreye girer peki etkin pişmanlık yasası nedir haber merkezi paylaştwitterfacebookflipboardlinki kopyala etkin pişmanlık failin suçun tamamlanmasından sonra işlediği suçtan pişmanlık duyarak belirli bir süre içinde suçun zararlı sonuçlarını ortadan kaldırma adli makamlarla iş birliği yaparak verdiği bilgilerle suçun aydınlatılmasına katkı sağlama aktif bir edimde bulunması karşılığında cezanın ortadan kaldırılması azaltılması sonucunu doğuran şahsi bir sebeptir etkin pişmanlık kurumuna birçok ülke ceza kanununda yer verilmiştir bunlardan bazıları etkin pişmanlığı genel bir hüküm olarak ele alırken diğer bazıları yalnızca belirli suçlar bakımından etkin pişmanlığa atıfta bulunmuştur etki̇np pi̇şmanlık teri̇mi̇ kökeni̇ etkin kelimesi türkçe sözlükte hareketli işleyen çalışan faal aktif dinamk anlamlarına gelmektedr pişmanlık pişman olma durumu nedamet anlamlarına karşılık gelmektedir ceza hukuku bakımından etkin pişmanlık kurumunun anlamı kelimelern sözlük anlamlarıyla paraleldir ceza hukuku doktrinde etkin pişmanlık kurumunun birçok tanımı yapılmaktadır doktrinde bir görüş etkin pişmanlığıkanunda gösterilen suçların tamamlanmasından sonra failin işledğ suçtan pişmanlık duyması belli bir muhakeme aşamasına kadar suçun olumsuz etkilerini gidermesi hlinde cezasını azaltan kaldıran şahsi bir sebep olarak tanımlarken başka bir görüş kurumu suçun tamamlanmasından sonra failin pişmanlık duyarak suçun işlenmesnin meydana getrdiği sonuçları gidermeye yönelik davranışlarda bulunması şeklinde açıklanmaktadır etki̇n pi̇şmanlık şartları gönüllü i̇tiraf suçlu yakalanmadan önce yakalandıktan hemen sonra yetkili makamlara başvurmalıdır zararın telafisi suç nedeniyle oluşan zarar varsa zararın giderilmesi adımlar atılmalıdır yetkili mercilere bilgi suç ortağı suçla ilgili bilgiler vererek olayın aydınlatılmasına katkı sağlamak gerekir haber kaynak ntvcomtr yayınlanan haber diğer içerikler ilgili olarak yasal bildirimlerinizi bize iletişim sayfası üzerinden iletiniz kısa süre içerisinde bildirimlerinize geri dönüş sağlanılacaktır,etkin pişmanlık failin suçun tamamlanmasından sonra işlediği suçtan pişmanlık duyarak belirli bir süre içinde suçun zararlı sonuçlarını ortadan kaldırma adli makamlarla iş birliği yaparak verdiği bilgilerle suçun aydınlatılmasına katkı sağlama aktif bir edimde bulunması karşılığında cezanın ortadan kaldırılması azaltılması sonucunu doğuran şahsi bir sebeptir etkin pişmanlık kurumuna birçok ülke ceza kanununda yer verilmiştir bunlardan bazıları etkin pişmanlığı genel bir hüküm olarak ele alırken diğer bazıları yalnızca belirli suçlar bakımından etkin pişmanlığa atıfta bulunmuştur,Türkiye'de etkin pişmanlık kurumu olarak bilinen ceza hukuku doktrininin ikinci bölümü bu hafta içerisinde yayımlandı. Bu yılın sonuna kadar bu konuda yasal düzenlemeler yapılıyor.
haberin devamıhaberin devamı afadın yeni deprem haritası türkiyenin deprem riskini detaylı güncel bir şekilde ortaya koyuyor afadın interaktif olarak erişime açtığı harita fay hatlarının yoğunlaştığı bölgeleri olası deprem şiddetlerini risk derecelerini göstererek bireyin kendi yaşadığı bölgenin deprem potansiyelini anlamasına yardımcı oluyor özellikle son yıllarda yaşanan depremlerin ardından yapılan bilimsel çalışmalar elde edilen yeni verilerle güncellenen harita riskli bölgelerin net bir şekilde belirlenmesini sağlıyor harita sadece deprem tehlikesinin yoğunlaştığı bölgeleri değil aynı zamanda bölgelerdeki zemin özelliklerini olası deprem şiddetlerini gösteriyor sayede vatandaşlar kendi yaşadıkları binaların bölgelerin deprem riskine karşı kadar dayanıklı olduğunu iyi anlayabiliyorlar son yılında yürürlüğe giren türkiye deprem bölgeleri haritası afad deprem dairesi başkanlığı tarafından yenilenmiş mart tarih sayılı mükerrer resmi gazete yayımlanmıştır yeni harita ocak tarihinde yürürlüğe girmiştir proje başkanlık tarafından yürütülmekte olan ulusal deprem araştırma programı udap kapsamında desteklenmiştir ayrıca doğal afet sigortaları kurumu dask tarafından destek verilmiştir i̇şte afad deprem haritası sorgulama ekranı afadın yeni deprem haritası türkiyenin deprem riskini detaylı güncel bir şekilde ortaya koyuyor afadın interaktif olarak erişime açtığı harita fay hatlarının yoğunlaştığı bölgeleri olası deprem şiddetlerini risk derecelerini göstererek bireyin kendi yaşadığı bölgenin deprem potansiyelini anlamasına yardımcı oluyor özellikle son yıllarda yaşanan depremlerin ardından yapılan bilimsel çalışmalar elde edilen yeni verilerle güncellenen harita riskli bölgelerin net bir şekilde belirlenmesini sağlıyor harita sadece deprem tehlikesinin yoğunlaştığı bölgeleri değil aynı zamanda bölgelerdeki zemin özelliklerini olası deprem şiddetlerini gösteriyor sayede vatandaşlar kendi yaşadıkları binaların bölgelerin deprem riskine karşı kadar dayanıklı olduğunu iyi anlayabiliyorlar son yılında yürürlüğe giren türkiye deprem bölgeleri haritası afad deprem dairesi başkanlığı tarafından yenilenmiş mart tarih sayılı mükerrer resmi gazete yayımlanmıştır yeni harita ocak tarihinde yürürlüğe girmiştir proje başkanlık tarafından yürütülmekte olan ulusal deprem araştırma programı udap kapsamında desteklenmiştir ayrıca doğal afet sigortaları kurumu dask tarafından destek verilmiştir i̇şte afad deprem haritası sorgulama ekranı afad yılına ait deprem risk haritasını yayımladı ege akdeniz son günlerde van amasyada gerçekleşen depremlerin ardından vatandaşlar deprem riski olan bölgeleri araştırmaya başladı afad türkiyede aktif fay hatlarından uzak sismik aktivitesi düşük şehir olduğunu açıkladı afad yılına ait deprem risk haritasını yayımladı ege akdeniz son günlerde van amasyada gerçekleşen depremlerin ardından vatandaşlar deprem riski olan bölgeleri araştırmaya başladı afad türkiyede aktif fay hatlarından uzak sismik aktivitesi düşük şehir olduğunu açıkladı afad tarafından açıklanan verilere göre derece deprem bölgesi olan iller belli oldu illerde büyük deprem olasılığı oldukça düşükaksaray derece deprem bölgesinde yer alıyorniğde tamamı derecedekaraman düşük risk grubundanevşehir derece deprem bölgesindeyozgat dereceye kadar düşen risk oranıkırıkkale kırşehir derece bölgelerdeankara başkent olmasına rağmen etimesgut mamak ilçeleri derecede afad tarafından açıklanan verilere göre derece deprem bölgesi olan iller belli oldu illerde büyük deprem olasılığı oldukça düşük aksaray derece deprem bölgesinde yer alıyor niğde tamamı derecede karaman düşük risk grubunda nevşehir derece deprem bölgesinde yozgat dereceye kadar düşen risk oranı kırıkkale kırşehir derece bölgelerde ankara başkent olmasına rağmen etimesgut mamak ilçeleri derecede şehirler aktif fay hatlarından uzakta bulunuyor uzmanlara göre deprem riski düşük yapılaşma açısından güvenlik seviyesi yüksek bölgeler arasındabartın fay hattına km uzaklıktazonguldak derece olmasına rağmen sismik aktivite azsinop deprem geçmişi oldukça sakingiresun trabzon karadenizin güvenli bölgeleri arasında şehirler aktif fay hatlarından uzakta bulunuyor uzmanlara göre deprem riski düşük yapılaşma açısından güvenlik seviyesi yüksek bölgeler arasında bartın fay hattına km uzaklıkta zonguldak derece olmasına rağmen sismik aktivite sinop deprem geçmişi oldukça sakin giresun trabzon karadenizin güvenli bölgeleri arasında bölgeler deprem riski yüksek olsa iç kısımlarda kalan ilçeleri güvenli kabul ediliyormardin derece deprem bölgesiantalya zemin yapısına göre ilçeler değişiyorartvin sahil ilçeleri riskli iç kesimleri güvenli bölgeler deprem riski yüksek olsa iç kısımlarda kalan ilçeleri güvenli kabul ediliyor mardin derece deprem bölgesi antalya zemin yapısına göre ilçeler değişiyor artvin sahil ilçeleri riskli iç kesimleri güvenli niğde karaman aksaray deprem riski düşük iller arasında yer alıyortürkiyede deprem riski yüksek olan i̇llerkuzey anadolu fay hattı üzerinde yer alan deprem riskinin yüksek olduğu iller erzincan tokat amasya kastamonu çankırı karabük düzce bolu adapazarı yalova kocaeli i̇stanbul çanakkale balıkesir bursadır niğde karaman aksaray deprem riski düşük iller arasında yer alıyor türkiyede deprem riski yüksek olan i̇ller kuzey anadolu fay hattı üzerinde yer alan deprem riskinin yüksek olduğu iller erzincan tokat amasya kastamonu çankırı karabük düzce bolu adapazarı yalova kocaeli i̇stanbul çanakkale balıkesir bursadır nisan tarihinden itibaren yoğun bir şekilde sarsıntılar hissediliyor hafta sonu van amasyada peş peşe gerçekleşen depremler vatandaşları korkuttu önce vanda saat içerisinde gerçekleşen deprem sonrasında amasyada yaşanan lık sarsıntı bölge vatandaşlarını oldukça korkuttu nisan tarihinden itibaren yoğun bir şekilde sarsıntılar hissediliyor hafta sonu van amasyada peş peşe gerçekleşen depremler vatandaşları korkuttu önce vanda saat içerisinde gerçekleşen deprem sonrasında amasyada yaşanan lık sarsıntı bölge vatandaşlarını oldukça korkuttu mta di̇ri̇ fay hattı hari̇tası i̇çi̇n tıklayın mta di̇ri̇ fay hattı hari̇tası i̇çi̇n tıklayın türki̇ye deprem ri̇ski̇ hari̇tası i̇çi̇n tıklayın türki̇ye deprem ri̇ski̇ hari̇tası i̇çi̇n tıklayın kuzey anadolu fay hattı kaf türkiyenin aktif bilinen fay hattıdır doğu karadenizden başlayarak kuzey anadolu boyunca batıya doğru ilerler ege denizinde son bulur fay hattı tarihte birçok büyük depreme olmuşturdoğu anadolu fay hattı daf doğu anadolu bölgesinde yer alan fay hattı kafh kadar aktif olmasa önemli bir sismik aktiviteye sahiptirbatı anadolu fay hattı ege denizi batı anadoluda yer alan fay hattı özellikle ege bölgesinde sismik aktiviteye olmaktadırçankırı fay hattı i̇ç anadolu bölgesinde yer alan fay hattı bölgesel olarak önemli sismik aktivitelere olabilir kuzey anadolu fay hattı kaf türkiyenin aktif bilinen fay hattıdır doğu karadenizden başlayarak kuzey anadolu boyunca batıya doğru ilerler ege denizinde son bulur fay hattı tarihte birçok büyük depreme olmuştur doğu anadolu fay hattı daf doğu anadolu bölgesinde yer alan fay hattı kafh kadar aktif olmasa önemli bir sismik aktiviteye sahiptir batı anadolu fay hattı ege denizi batı anadoluda yer alan fay hattı özellikle ege bölgesinde sismik aktiviteye olmaktadır çankırı fay hattı i̇ç anadolu bölgesinde yer alan fay hattı bölgesel olarak önemli sismik aktivitelere olabilir doğu anadolu fay hattı nereden geçi̇yordoğu anadolu fay hattı anadolu levhası arap levhası sınırı boyunca uzanır i̇ranırak sınırında yer alan afrika levhasının ana parçalarından olan bitliszagros fay hattı türkiyenin doğusuna itme kuvveti uygulamaktadır yüzden dalmabatma zonu gerçekleşmektedir sebepten dolayı doğu anadolu bölgesi yıl milimetre yükselmektedir doğu anadolu fayı ölü deniz çöküntüsünün kuzey ucundaki maraş üçlü eklemi başlayıp kuzey anadolu fayı birleştiği karlıova üçlü ekleminde kuzeydoğu yönünde son bulur doğu anadolu fay hattı hatay osmaniye gaziantep kahramanmaraş adıyaman elazığ bingöl muşa kadar devam ettikten sonra erzincandan itibaren kuzey anadolu fay hattı birleşirkuzey anadolu fay hattı nereden geçi̇yorkuzey anadolu fay hattı kaf dünyanın hızlı hareket eden aktif sağyanal atımlı faylarından biridir kaf km uzunluğunda sağ yönlü doğrultu atımlı aktif fay hattıdır yaklaşık olarak van gölünden saros körfezine kadar kuzey anadoluyu keser tek bir faydan oluşmaz pek parçadan oluşan fay zonudur saroz körfezinden başlayan kaf marmara denizi sapanca gölü adapazarı tosya erzincan üzerinden van gölü kuzeyine kadar uzanır afaddan edinilen bilgiye göre kuzey anadolu fay hattı ege bölgesi graben sistemi üzerinde şar doğu anadolu fay hattında diğer faylar üzerinde olmak üzere ilin doğrudan kent merkezinden aktif fay geçiyor ayrıca den fazla ilçe direkt aktif fay hatları üzerinde bulunuyor iller aksaray aydın balıkesir bingöl bolu burdur bursa denizli erzincan erzurum eskişehir hakkari hatay i̇zmir kahramanmaraş kayseri kocaeli konya kütahya manisa muğla osmaniye sakarya tokat yılındaki erzincan yılındaki erzurum yılındaki varto yılında yaşanan i̇zmit düzce adapazarı depremleri fay kuşağında meydana geldibatı anadolu fay hattı nereden geçi̇yorbatı anadolu fay hattı baf anadolunun batısında doğubatı uzanışlı kuzeydengüneye doğru sıralanan pek faydan oluşan deprem alanıdır doğu anadolu kuzey anadolu fay hatları yanal atılımlarla gerçekleşirken batı anadolu fay hattı normal faylarla gerçekleşerek egenin genişlemesine sebep olmaktadır ülkemizdeki aktif tehlikeli olan fay hattı kuzey anadolu fay hattı olarak görülse bile aktif olanı batı anadolu fay hattıdır doğu anadolu fay hattı nereden geçi̇yor doğu anadolu fay hattı anadolu levhası arap levhası sınırı boyunca uzanır i̇ranırak sınırında yer alan afrika levhasının ana parçalarından olan bitliszagros fay hattı türkiyenin doğusuna itme kuvveti uygulamaktadır yüzden dalmabatma zonu gerçekleşmektedir sebepten dolayı doğu anadolu bölgesi yıl milimetre yükselmektedir doğu anadolu fayı ölü deniz çöküntüsünün kuzey ucundaki maraş üçlü eklemi başlayıp kuzey anadolu fayı birleştiği karlıova üçlü ekleminde kuzeydoğu yönünde son bulur doğu anadolu fay hattı hatay osmaniye gaziantep kahramanmaraş adıyaman elazığ bingöl muşa kadar devam ettikten sonra erzincandan itibaren kuzey anadolu fay hattı birleşir kuzey anadolu fay hattı nereden geçi̇yor kuzey anadolu fay hattı kaf dünyanın hızlı hareket eden aktif sağyanal atımlı faylarından biridir kaf km uzunluğunda sağ yönlü doğrultu atımlı aktif fay hattıdır yaklaşık olarak van gölünden saros körfezine kadar kuzey anadoluyu keser tek bir faydan oluşmaz pek parçadan oluşan fay zonudur saroz körfezinden başlayan kaf marmara denizi sapanca gölü adapazarı tosya erzincan üzerinden van gölü kuzeyine kadar uzanır afaddan edinilen bilgiye göre kuzey anadolu fay hattı ege bölgesi graben sistemi üzerinde şar doğu anadolu fay hattında diğer faylar üzerinde olmak üzere ilin doğrudan kent merkezinden aktif fay geçiyor ayrıca den fazla ilçe direkt aktif fay hatları üzerinde bulunuyor iller aksaray aydın balıkesir bingöl bolu burdur bursa denizli erzincan erzurum eskişehir hakkari hatay i̇zmir kahramanmaraş kayseri kocaeli konya kütahya manisa muğla osmaniye sakarya tokat yılındaki erzincan yılındaki erzurum yılındaki varto yılında yaşanan i̇zmit düzce adapazarı depremleri fay kuşağında meydana geldi batı anadolu fay hattı nereden geçi̇yor batı anadolu fay hattı baf anadolunun batısında doğubatı uzanışlı kuzeydengüneye doğru sıralanan pek faydan oluşan deprem alanıdır doğu anadolu kuzey anadolu fay hatları yanal atılımlarla gerçekleşirken batı anadolu fay hattı normal faylarla gerçekleşerek egenin genişlemesine sebep olmaktadır ülkemizdeki aktif tehlikeli olan fay hattı kuzey anadolu fay hattı olarak görülse bile aktif olanı batı anadolu fay hattıdır haber kaynak cnnturkcom yayınlanan haber diğer içerikler ilgili olarak yasal bildirimlerinizi bize iletişim sayfası üzerinden iletiniz kısa süre içerisinde bildirimlerinize geri dönüş sağlanılacaktır,haberin devamıhaberin devamı,Cumhurbaşkanı Recep Tayyip Erdoğan'ın dün akşam açıkladığı yeni deprem haritasıyla ilgili olarak Türkiye'nin en çok izlenen bölgelerinden biri olan 'deprem bölgeleri haritasını' açıkladı.
gıdada taklit tağşiş yaptığı tespit edilen üreticilerinin ifşa listesi tarım orman bakanlığının sorgulama listesi gündemde yer alıyorkişilerin hayatını sağlığını tehlikeye düşürecek şekilde bozulmuş değiştirilmiş pekçok farklı ürün tespit edildibitkisel yağın bulunmaması gereken ürünlerde bitkisel yağ yer alması söz konusu ürünlere kanatlı eti karıştırılması birçok uygunsuzluk belirlenditaklit tahşiş gıdalar arasında özellikle peynir sucuk tereyağı zeytinyağı kaşar peyniri kıyma çeşitli baharatlar bulunuyor gıdada taklit tağşiş yaptığı tespit edilen üreticilerinin ifşa listesi tarım orman bakanlığının sorgulama listesi gündemde yer alıyor kişilerin hayatını sağlığını tehlikeye düşürecek şekilde bozulmuş değiştirilmiş pekçok farklı ürün tespit edildi bitkisel yağın bulunmaması gereken ürünlerde bitkisel yağ yer alması söz konusu ürünlere kanatlı eti karıştırılması birçok uygunsuzluk belirlendi taklit tahşiş gıdalar arasında özellikle peynir sucuk tereyağı zeytinyağı kaşar peyniri kıyma çeşitli baharatlar bulunuyor taklit tağşiş yapılan gıdalar listesinde tek tırnaklı eti grubunda olan domuz eti acı kırmızı biber sumak birçok ürününde gıdada kullanılmasına izin verilmeyen boya maddesi tespit edildii̇ncelemeye alınan bir manda yoğurdunda manda sütüne rastlanmadı özellikle et zeytinyağı bal lahmacun kebap ürünlerde taklit tağşiş vakaları sıkça görülüyor taklit tağşiş yapılan gıdalar listesinde tek tırnaklı eti grubunda olan domuz eti acı kırmızı biber sumak birçok ürününde gıdada kullanılmasına izin verilmeyen boya maddesi tespit edildi i̇ncelemeye alınan bir manda yoğurdunda manda sütüne rastlanmadı özellikle et zeytinyağı bal lahmacun kebap ürünlerde taklit tağşiş vakaları sıkça görülüyor listenin sağlığı tehdit eden ürünler bölümünde alkollü ürünlerde gıdada kullanımına izin verilmeyen alkol peynirde natamisin süt süt ürünlerinde küf maya gelişiminin önlenmesinde kullanılan e kodlu koruyucu bir gıda katkı maddesi balda bitter çikolatada ilaç etken maddesi ginsengli kahve aromalı gazlı içecekte ilaç etken maddesi yer aldı listenin sağlığı tehdit eden ürünler bölümünde alkollü ürünlerde gıdada kullanımına izin verilmeyen alkol peynirde natamisin süt süt ürünlerinde küf maya gelişiminin önlenmesinde kullanılan e kodlu koruyucu bir gıda katkı maddesi balda bitter çikolatada ilaç etken maddesi ginsengli kahve aromalı gazlı içecekte ilaç etken maddesi yer aldı tarım orman bakanlığının yayımladığı listede yer alan ürünler markalar şekildetarım orman bakanlığı yaptığı denetimlerin ardından ürünlerden alınan numuneleri laboratuvar ortamında analiz ederek içerdikleri maddeleri detaylı şekilde inceliyor şüpheli durumlarda alo gıda hattı üzerinden ihbarda bulunulması gerekiyor tarım orman bakanlığının yayımladığı listede yer alan ürünler markalar şekilde tarım orman bakanlığı yaptığı denetimlerin ardından ürünlerden alınan numuneleri laboratuvar ortamında analiz ederek içerdikleri maddeleri detaylı şekilde inceliyor şüpheli durumlarda alo gıda hattı üzerinden ihbarda bulunulması gerekiyor köfteci yusuf domuz eti iddiasını yalanlarken tarım orman bakanlığı sağlığı tehlikeye düşürcek gıdalar listesine köfteci yusufu ekledi listede köfteci yusufun köftede dana eti dönerde domuz eti tespit edildiğini açıkladı köfteci yusuf domuz eti iddiasını yalanlarken tarım orman bakanlığı sağlığı tehlikeye düşürcek gıdalar listesine köfteci yusufu ekledi listede köfteci yusufun köftede dana eti dönerde domuz eti tespit edildiğini açıkladı tarım orman bakanlığı takli̇t tahşi̇ş ürün li̇stesi̇ sorgulama tarım orman bakanlığı takli̇t tahşi̇ş ürün li̇stesi̇ sorgulama firma adlarıköfteci̇ yusuf hazır yemek temi̇zli̇k canlı hayvan etmamulleri̇ entegre gıda i̇thalat i̇hracat sanayi̇ ti̇caret aşköfteci̇ yusuf haz yem tem canlı hayv et mamul ent gıda i̇thi̇hrsanve ti̇caş üreti̇m yeri̇pekmez dünyası gıda pazarlama sanayi̇ dış ti̇caret li̇mi̇ted şi̇rketi̇pekmez dünyası gıda pazarlama sanayi̇ dış ti̇caret li̇mi̇ted şi̇rketi̇pekmez dünyası gıda pazarlama sanayi̇ dış ti̇caret li̇mi̇ted şi̇rketi̇markalarköfteci̇ yusufköfteci̇ yusufpekmez dünyasıpekmez dünyasılukaçı firma adları köfteci̇ yusuf hazır yemek temi̇zli̇k canlı hayvan et mamulleri̇ entegre gıda i̇thalat i̇hracat sanayi̇ ti̇caret aş köfteci̇ yusuf haz yem tem canlı hayv et mamul ent gıda i̇thi̇hrsanve ti̇caş üreti̇m yeri̇ pekmez dünyası gıda pazarlama sanayi̇ dış ti̇caret li̇mi̇ted şi̇rketi̇ pekmez dünyası gıda pazarlama sanayi̇ dış ti̇caret li̇mi̇ted şi̇rketi̇ pekmez dünyası gıda pazarlama sanayi̇ dış ti̇caret li̇mi̇ted şi̇rketi̇ markalar köfteci̇ yusufköfteci̇ yusufpekmez dünyasıpekmez dünyasılukaçı firma adlarıpekmez dünyası gıda pazarlama sanayi̇ dış ti̇caret li̇mi̇ted şi̇rketi̇peri̇l gıda alkolsüz fonksi̇yonel i̇çecekler i̇malat sanayi̇ ti̇caret li̇mi̇ted şi̇rketi̇yalçınkaya bi̇ber sanayi̇ i̇thalat i̇hracat ti̇caret li̇mi̇ted şi̇rketi̇nanci̇ davut davut marangozturgut rei̇s süt mam tar ürn oto gıda san ti̇c ltd şti̇markalarlukaçınıtro max goldyalçınkaya bi̇bermarka belirtilmemişhali̇lağa firma adları pekmez dünyası gıda pazarlama sanayi̇ dış ti̇caret li̇mi̇ted şi̇rketi̇ peri̇l gıda alkolsüz fonksi̇yonel i̇çecekler i̇malat sanayi̇ ti̇caret li̇mi̇ted şi̇rketi̇ yalçınkaya bi̇ber sanayi̇ i̇thalat i̇hracat ti̇caret li̇mi̇ted şi̇rketi̇ nanci̇ davut davut marangozturgut rei̇s süt mam tar ürn oto gıda san ti̇c ltd şti̇ markalar lukaçınıtro max goldyalçınkaya bi̇bermarka belirtilmemişhali̇lağa firma adlarınrg i̇çecek gıda üreti̇m dağıtım i̇thalat i̇hracat sanayi̇ ti̇caret anoni̇m şi̇rketi̇pekmez dünyası gıda pazarlama sanayi̇ dış ti̇caret li̇mi̇ted şi̇rketi̇gls grup i̇nşaat reklam ambalaj temi̇zli̇k medi̇kal otomoti̇v nakli̇ye ti̇caret li̇mi̇ted şi̇rketi̇grup i̇nşaat reklam ambalaj temi̇zli̇k medi̇kal otomoti̇v nakli̇ye ti̇caret li̇mi̇ted şi̇rketi̇o et tavuk adaklık dünyasıçi̇ğdem çalışkanadana sofrası kebap şırdanözlem tüysüzmarkalarbufalopekmez dünyasıvi̇ tımesvi̇ tımesmarka belirtilmemişmarka belirtilmemiş firma adları nrg i̇çecek gıda üreti̇m dağıtım i̇thalat i̇hracat sanayi̇ ti̇caret anoni̇m şi̇rketi̇ pekmez dünyası gıda pazarlama sanayi̇ dış ti̇caret li̇mi̇ted şi̇rketi̇ gls grup i̇nşaat reklam ambalaj temi̇zli̇k medi̇kal otomoti̇v nakli̇ye ti̇caret li̇mi̇ted şi̇rketi̇ grup i̇nşaat reklam ambalaj temi̇zli̇k medi̇kal otomoti̇v nakli̇ye ti̇caret li̇mi̇ted şi̇rketi̇ et tavuk adaklık dünyasıçi̇ğdem çalışkanadana sofrası kebap şırdanözlem tüysüz markalar bufalopekmez dünyasıvi̇ tımesvi̇ tımesmarka belirtilmemişmarka belirtilmemiş firma adlarıadana sofrası kebap şırdanözlem tüysüzaltıyol yemekçi̇li̇k san ti̇c ltd şti̇altıyol çorbacısıantalya kuyu tandır kebap salonui̇brahi̇m uysalantalya kuyu tandır kebap salonui̇brahi̇m uysalantalya kuyu tandır kebap salonui̇brahi̇m uysal firma adları adana sofrası kebap şırdanözlem tüysüz altıyol yemekçi̇li̇k san ti̇c ltd şti̇altıyol çorbacısı antalya kuyu tandır kebap salonui̇brahi̇m uysal antalya kuyu tandır kebap salonui̇brahi̇m uysal antalya kuyu tandır kebap salonui̇brahi̇m uysal firma adlarıarıkcan bi̇berleri̇ari̇foğlu baharat gıda sanayi̇ li̇mi̇ted şi̇rketi̇ari̇foğlu baharat gıda sanayi̇ li̇mi̇ted şi̇rketi̇ari̇foğlu baharat gıda sanayi̇ li̇mi̇ted şi̇rketi̇ari̇foğlu baharat gıda sanayi̇ li̇mi̇ted şi̇rketi̇markalarçayır bi̇ber baharatari̇foğluari̇foğluari̇foğluari̇foğlu firma adları arıkcan bi̇berleri̇ ari̇foğlu baharat gıda sanayi̇ li̇mi̇ted şi̇rketi̇ ari̇foğlu baharat gıda sanayi̇ li̇mi̇ted şi̇rketi̇ ari̇foğlu baharat gıda sanayi̇ li̇mi̇ted şi̇rketi̇ ari̇foğlu baharat gıda sanayi̇ li̇mi̇ted şi̇rketi̇ markalar çayır bi̇ber baharatari̇foğluari̇foğluari̇foğluari̇foğlu firma adlarıay egem gıda san ti̇c ltd şti̇balıkçıoğlu sucuklarıbalıkçıoğlu sucuklarıbalıkesi̇r onur süt petrol ürünleri̇ i̇nşaat sanayi̇ ti̇caret li̇mi̇ted şi̇rketi̇balsarayı gıda i̇malat tarım ürünleri̇ pazarlama ti̇caret li̇mi̇ted şi̇rketi̇markalaryupaölbalıkçıoğlu sucuklarıbalıkçıoğlu sucuklarıtarabyabalsarayıli̇steni̇n devamı i̇çi̇n tıklayınız firma adları ay egem gıda san ti̇c ltd şti̇ balıkçıoğlu sucukları balıkçıoğlu sucukları balıkesi̇r onur süt petrol ürünleri̇ i̇nşaat sanayi̇ ti̇caret li̇mi̇ted şi̇rketi̇ balsarayı gıda i̇malat tarım ürünleri̇ pazarlama ti̇caret li̇mi̇ted şi̇rketi̇ markalar yupaölbalıkçıoğlu sucuklarıbalıkçıoğlu sucuklarıtarabyabalsarayı li̇steni̇n devamı i̇çi̇n tıklayınız haber kaynak cnnturkcom yayınlanan haber diğer içerikler ilgili olarak yasal bildirimlerinizi bize iletişim sayfası üzerinden iletiniz kısa süre içerisinde bildirimlerinize geri dönüş sağlanılacaktır,gıdada taklit tağşiş yaptığı tespit edilen üreticilerinin ifşa listesi tarım orman bakanlığının sorgulama listesi gündemde yer alıyorkişilerin hayatını sağlığını tehlikeye düşürecek şekilde bozulmuş değiştirilmiş pekçok farklı ürün tespit edildibitkisel yağın bulunmaması gereken ürünlerde bitkisel yağ yer alması söz konusu ürünlere kanatlı eti karıştırılması birçok uygunsuzluk belirlenditaklit tahşiş gıdalar arasında özellikle peynir sucuk tereyağı zeytinyağı kaşar peyniri kıyma çeşitli baharatlar bulunuyor,Karaman'ın Ermenek ilçesindeki ormanlık alanda meydana gelen koronavirüs salgınıyla ilgili soruşturma kapsamında gıda ve ilaç sektöründe kullanılan ürünlerin listesi açıklandı.
kandilli rasathanesinin sosyal medya hesabı x üzerinden paylaştığı bilgilere göre sabah marmara denizinde büyüklüğünde bir deprem meydana geldihaberin devamıhaberin devamıhaberin devamıhaberin devamı kandilli rasathanesi aktardığı verilere göre sabah saat marmara denizinde büyüklüğünde bir deprem meydana geldi depremin derinliği kilometre olarak ölçüldü depremmarmara denızı tsi̇büyüklük derinlik kmkandilli kandilli rasathanesi may haber kaynak cnnturkcom yayınlanan haber diğer içerikler ilgili olarak yasal bildirimlerinizi bize iletişim sayfası üzerinden iletiniz kısa süre içerisinde bildirimlerinize geri dönüş sağlanılacaktır,kandilli rasathanesinin sosyal medya hesabı x üzerinden paylaştığı bilgilere göre sabah marmara denizinde büyüklüğünde bir deprem meydana geldihaberin devamıhaberin devamıhaberin devamıhaberin devamı,İzmir'in güneyindeki kandilli rasathanesinin sosyal medya hesabı x üzerinden paylaştığı bilgilere göre sabah saat marmara denizinde büyüklüğünde bir deprem meydana geldi.
haberin devamıhaberin devamı i̇stanbul şişlide işe gitmek evinden çıkan yaşındaki bahar aksunun yolu çanakkalede sanayi işçiliği yapan silah kanuna muhalefet tehdit yaralamadan ayrı suç kaydı bulunan eski kocası rüstem elibol tarafından otomobille kesildi genç kadın elibol arkadaşı samet salman tarafından zorla bir araca bindirilerek kaçırılmaya çalışıldı eski koca elibol aksunun direnip bağırması üzerine yanında getirdiği silahla genç kadına el ateş etti üçü başına ü vücuduna isabet eden kurşunla ağır yaralanan genç kadın hayatını kaybetti salman olay yerine geldikleri araca binerek kaçtı yaya kaçan katil elibol polis tarafından yakalandı saldırgan salman cinayete yardım eden semih yapar aziz başkan isimli arkadaşlarıyla silivride yakalanarak gözaltına alındı milliyetten ferit zenginin haberine göre emniyetteki kimlik sabıka sorgulamasında çocuğa cinsel taciz yaralama suçundan kaydı bulunan kahveci semih yapar boya ustası aziz başkanın bizi gezmeye gidiyoruz bendensiniz diyerek i̇stanbula götürdü ifade verdiği öğrenildi katil elibolun yıl önce boşandığı baharı tehdit ettiği tespit edildi polis incelemesinde henüz yıllık evliyken dövüp ölümle tehdit ettiği genç kadından boşanan elibolun uzun süreden beri benim olacaksın yine bana döneceksin başka çıkışın yok diyerek tehditlerde bulunduğu aksunun yıl önce yaptığı suç duyurusuna rağmen korktuğu yeniden suç duyurusunda bulunamadığı öğrenildi elibolun emniyetteki ilk ifadesinde kendisini sürekli sosyal medya üzerinden takip ediyordum dediği öğrenildi baharın ölüm anlarına acı bir şekilde şahit olan sanatçı nur sürer kanal dde hakan ural ferda yıldırımın sunduğu neler oluyor hayatta programına katıldı baharın katledilmesiyle mahallenin aşağıya indiğini belirten sürer zaten mahalle olarak aşağı indik bütün komşular olarak bizim hayatımız dün çöktü bir kadın öldü önce ambulans geldi polis burnumuzun dibi olan yere yarım saat sonra geldi gencecik kadın saat orada yattı baharı bahar ayında yok ettiler yazık çöktük resmen kadın aydır burada oturuyor den beri yer değiştiriyormuş adamdan kaçmak devletin koruyamadığını mahallede çocuğunu okula götüren bir kadın korusun dedi haber kaynak cnnturkcom yayınlanan haber diğer içerikler ilgili olarak yasal bildirimlerinizi bize iletişim sayfası üzerinden iletiniz kısa süre içerisinde bildirimlerinize geri dönüş sağlanılacaktır,haberin devamıhaberin devamı,çeyrek yıl önce boşandığı kadına cinsel taciz yaralamadan ayrı suç kaydı bulunan eski kocası roddem elibol tarafından otomobille kesilen bahar aksunun olay yerine geldikleri araca bindirilerek kaçırıldı üç başına ü vücuduna isabet eden kurşunla ağır yaralanan genç kadın el
kaynakcnnturkcomtülay demirsözün hayatı araştırılıyor dem parti i̇stanbul milletvekili tbmm başkanvekili sırrı süreyya önder geçirdiği kalp rahatsızlığının ardından gün süren yaşam mücadelesini kaybetti önder i̇stanbuldaki atatürk kültür merkezinde düzenlenen cenaze töreninde eski eşi halide tülay demirsöz gündem oldu törende yapılan duygusal konuşmalar önderin hayatına dair anekdotlar gündemin konuşulan konularından oldu i̇şte sırrı süreyya önderin eski eşi halide tülay demirsöz ilgili merak edilenlerhaberin devamıhaberin devamıhaberin devamıhaberin devamı dem parti i̇stanbul milletvekili tbmm başkanvekili sırrı süreyya önder hayatını kaybetti atatürk kültür merkezinde düzenlenen cenaze törenine sevenleri akın etti sırrı süreyya önder yılında evlenen halide tülay demirsözün evlilikten ceren önder adını verdikleri bir kız çocuğu dünyaya getirmiştir halide tülay demirsöz kimdir sırrı süreyya önderin eşi kimdir sırrı süreyya eski eşi sırrı süreyya önder eşi aramaları hız kazandı peki sırrı süreyya önderin eşi kimdir kaç yaşında halide tülay demirsöz kimdir hali̇de tülay demi̇rsöz ki̇mdi̇r halide tülay demirsöz hakkında fazla bilgi bulunmamaktadır sırrı süreyya önder yılında evlenen halide tülay demirsöz evlilikten ceren önder adını verdikleri bir kız çocuğu dünyaya getirmiştir ancak çiftin evlilikleri uzun sürmemiş boşanmışlardır halide tülay demirsözün hayatına dair bir bilgi bulunmamaktadır sırrı süreyya önderi̇n kızı ceren önder ki̇mdi̇r sırrı süreyya önder halide tülay demirsöz çiftinin ceren isimli bir çocuğu bulunmakta yılında şişlide doğan ceren önder evlilik yapmıştır ceren önderin ayıp payı isimli bir şiir kitabı bulunuyor haber kaynak cnnturkcom yayınlanan haber diğer içerikler ilgili olarak yasal bildirimlerinizi bize iletişim sayfası üzerinden iletiniz kısa süre içerisinde bildirimlerinize geri dönüş sağlanılacaktır,kaynakcnnturkcomtülay demirsözün hayatı araştırılıyor dem parti i̇stanbul milletvekili tbmm başkanvekili sırrı süreyya önder geçirdiği kalp rahatsızlığının ardından gün süren yaşam mücadelesini kaybetti önder i̇stanbuldaki atatürk kültür merkezinde düzenlenen cenaze töreninde eski eşi halide tülay demirsöz gündem oldu törende yapılan duygusal konuşmalar önderin hayatına dair anekdotlar gündemin konuşulan konularından oldu i̇şte sırrı süreyya önderin eski eşi halide tülay demirsöz ilgili merak edilenlerhaberin devamıhaberin devamıhaberin devamıhaberin devamı,Cumhuriyet Halk Partisi (TBMM) başkanvekili sırrı süreyya önder hayatını kaybetti atatürk kültür merkezinde düzenlenen cenaze töreninde eski eşi halide tülay demirsöz gündem oldu.
kaynakcnnturkcomsağlık bakanlığı işçi alımı başvuruları yakından takip ediliyor bin işçi yapılacağı açıklandı öncesinde sağlık bakanı memişoğlu an bin sağlık personeli alınacağını duyurmuştu hemşire sağlık memuru ambulans acil bakım teknikeri teknisyen kadrolar sağlık bakanlığı personel alımı başvuruları ösym tercih kılavuzunun yayınlanmasıyla gerçekleşecek sağlık bakanlığı işçi alımı başvuruları aramaları son dakika açıklamasının ardından hız kazandı peki sağlık bakanlığı işçi alımı başvuruları nereden yapılır i̇şkur sağlık bakanlığı personel alımı başvuru şartları nelerhaberin devamıhaberin devamıhaberin devamıhaberin devamı sağlık bakanlığı işçi alımı başvuruları merak edildi sağlık bakanlığı işçi alımına ilişkin son dakika açıklamaları yapıldı bakanlık istihdam edilmek üzere bin işçi alımı yapacağını duyurdu hekim dışı personel alımı sağlık bakanı memişoğlu ilk etapta bin personel alımının yapılacağını kalan bin personel alımının ihtiyaca göre ağustos eylül ayı içerisinde yapılacağını açıklamıştı i̇şkur üzerinden yapılacak olan sağlık bakanlığı işçi alımı i̇şkur başvuru sayfası araştırılan konular arasında yerini aldı i̇şte sağlık bakanlığı işçi alımı başvuru detayları sağlık bakanlığı i̇şçi̇ alımı başvuruları zaman sağlık bakanlığı sürekli işçi alımı mayıs tarihleri arasında yapılacak sağlık bakanlığı işçi alımı başvurularıi̇şkurinternet sitesi üzerinden gerçekleştirilecek sağlık bakanlığı sürekli̇ i̇şçi̇ alımı başvuruları yapılacak i̇şkur tarafından alınacak başvurulariskurgovtradresi üzerinden tc kimlik numarası şifre bilgisi girilerek başvurular yapılabilecek sağlık bakanlığı i̇şçi̇ alımı başvuruları sağlık bakanlığı i̇şçi̇ alımı başvuru şartları neler sağlık bakanlığı işçi alımına başvuracak adayların taşıması gereken genel şartlar şunlardır türkiye cumhuriyeti vatandaşı olmakkamu haklarından mahrum bulunmamakmedeni hakları kullanma ehliyetine sahip olmak brtrk ceza kanununun nc maddesinde belirtilen sreler gemi olsa bile kasten ilenen bir sutan dolay bir yl fazla sreyle hapis cezasna affa uram olsa bile devletin gvenliine kar sular anayasal dzene dzenin ileyiine kar sular zimmet irtikap rvet hrszlk dolandrclk sahtecilik gveni ktye kullanma hileli iflas ihaleye fesat kartrma edimin ifasna fesat kartrma sutan kaynaklanan malvarl deerlerini aklama kaaklk sularndan mahkum olmamak erkek adaylar iin askerlik durumu itibariyle askerlikle iliii bulunmamak askerlik ana gelmemi bulunmak askerlik ana gelmi muvazzaf askerlik hizmetini yapm yahut ertelenmi yedek snfa geirilmi olmak grevini devaml yapmasna engel olabilecek akl hastal bedensel engeli bulunmamaklan edilen kadrolar iin aranan zel niteliklere sahip olmak haber kaynak cnnturkcom yayınlanan haber diğer içerikler ilgili olarak yasal bildirimlerinizi bize iletişim sayfası üzerinden iletiniz kısa süre içerisinde bildirimlerinize geri dönüş sağlanılacaktır,kaynakcnnturkcomsağlık bakanlığı işçi alımı başvuruları yakından takip ediliyor bin işçi yapılacağı açıklandı öncesinde sağlık bakanı memişoğlu an bin sağlık personeli alınacağını duyurmuştu hemşire sağlık memuru ambulans acil bakım teknikeri teknisyen kadrolar sağlık bakanlığı personel alımı başvuruları ösym tercih kılavuzunun yayınlanmasıyla gerçekleşecek sağlık bakanlığı işçi alımı başvuruları aramaları son dakika açıklamasının ardından hız kazandı peki sağlık bakanlığı işçi alımı başvuruları nereden yapılır i̇şkur sağlık bakanlığı personel alımı başvuru şartları nelerhaberin devamıhaberin devamıhaberin devamıhaberin devamı,sağlık bakanlığı istihdam edilmek üzere bin işçi alımı yapacağını açıkladı. Sağlık bakanı memişoğlu ilk etapta bin personel alınacağını duyurmuştu. hekim dışı personel alımına ilişkin son dakika açıklamaları yapıldı.
kaynakhürriyetcumhurbaşkanı recep tayyip erdoğan başkanlığında önceki gün toplanan ak parti myk yaklaşık saat sürdü cumhurbaşkanı tayyip erdoğan partisinin myk toplantısında terörsüz türkiye süreci konusunda kurmaylarına uyarılarda bulunduhaberin devamıhaberin devamıhaberin devamıhaberin devamı sırrı süreyya önderin vefat etmesine üzüldüğünü ifade ederek sürecin hassasiyetine dikkat çeken erdoğanın uyarılarda bulunduğu belirtildi bunun siyasetiyle elbette ilgileneceksiniz sivil siyaset ayağını elbette yürüteceksiniz sürece zarar verecek bir açıklama yapmaktan kaçının konuştuğunuz kelimenin bütün anlamlarını düşünerek konuşmanız gerekir terörsüz türkiye amacımızın başarıya ulaşacağını türkiyenin terör belasından kurtulacağını düşünüyoruz sürecin hassasiyetle yürütülmesi gerekiyor terör örgütünden bir an önce kendisini feshetmesini bekliyoruz yakın zamanda olacağını düşünüyoruz olması gerektiği silahları bırakmayıp gereğini yapmazsa bizim teröre karşı mücadelemiz zaten sürüyor buna devam ederiz hız veririz haberin devamıhaberin devamıhaberin devamıhaberin devamı hürriyetten ebru karatosunun haberine göre saldırıya uğrayan chp genel başkanı özgür özele geçmiş olsun dileklerini ilettiği aktaran erdoğan i̇stanbuldaki soruşturmayla ilgili i̇stanbuldaki olay yargıylabelediye arasındadır bizi ilgilendirmez gördüğümüz kadarıyla tahminlerin üzerinde bir yolsuzluk var dedi haber kaynak cnnturkcom yayınlanan haber diğer içerikler ilgili olarak yasal bildirimlerinizi bize iletişim sayfası üzerinden iletiniz kısa süre içerisinde bildirimlerinize geri dönüş sağlanılacaktır,kaynakhürriyetcumhurbaşkanı recep tayyip erdoğan başkanlığında önceki gün toplanan ak parti myk yaklaşık saat sürdü cumhurbaşkanı tayyip erdoğan partisinin myk toplantısında terörsüz türkiye süreci konusunda kurmaylarına uyarılarda bulunduhaberin devamıhaberin devamıhaberin devamıhaberin devamı,Cumhuriyet Halk Partisi (CHP) cumhurbaşkanı Recep Tayyip erdoğan başkanlığında önceki gün toplanan ak parti mik yaklaşık saat sürdü terörsüz t Türkiye süreci konusunda kurmaylarına uyarılarda bulundu
kaynakcnnturkcomi̇stanbulda su kesintisi haberleri gündemdeki yerini aldı i̇ski̇ tarafından yapılan açıklamada mayıs çarşamba günü i̇stanbulun bölgelerinde saat sürecek bir planlı su kesintisi yapılacağı belirtildi i̇stanbulda yaşayan vatandaşlar bölgelerinde i̇ski̇ su kesintisi olup olmayacağını sorguluyor i̇şte mayıs i̇ski̇ su kesinti tablosuhaberin devamıhaberin devamıhaberin devamıhaberin devamı i̇ski̇ su kesintisi açıklamaları araştırılıyor i̇stanbul su kanalizasyon i̇daresi i̇ski̇ isale hattında çalışma yapılacağını açıkladı çalışmanın uzun soluklu olduğu bölgelere saat süre su verilmeyeceği belirtildi peki i̇stanbulda sular zaman gelecek hangi ilçelerde sular kesilecek mayıs i̇stanbul su kesi̇nti̇si̇ i̇ski̇ tarafından i̇stanbul su kesintisiyle ilgili açıklama yapıldı yapılan açıklamada sayılı tarihli abonelerimize duyuru gaziosmanpaşa ilçesi silahtar terfi merkezi çıkışında yer alan isale hattında gerçekleştirilecek vana debimetre montaj çalışmaları nedeniyle aşağıda belirtilen bölgelere mayıs çarşamba günü saat mayıs perşembe günü saat arasında saat süreyle su verilemeyecektir gaziosmanpaşa i̇lçesi bağlarbaşı şemsipaşa hürriyet fevzi çakmak kazım karabekir yeni mahalle karayolları mevlana barbaros hayrettin paşa karadeniz mahalleleri eyüpsultan i̇lçesi esentepe sakarya karadolap alibeyköy yeşilpınar akşemsettin çırçır mahalleleri haberin devamıhaberin devamıhaberin devamıhaberin devamı sultangazi i̇lçesi yıl yunus emre zübeyde hanım mahalleleri kamuoyuna saygıyla duyurulur denildi saygıdeğer i̇stanbullulara önemle duyurulur i̇ski̇ genel müdürlüğü may i̇stanbulda sular zaman gelecek i̇stanbul su kanalizasyon i̇daresi i̇ski̇ mayıs çarşamba günü akşam saat suların kesileceğini mayıs sabah saat gaziosmanpaşa eyüpsultan sultangazi ilçelerinin mahallelerinde su kesintisi olacağını duyurdu bölgelerde sular mayıs sabah saat itibariyle yeniden akmaya başlayacak i̇stanbul su kesi̇nti̇si̇ sorgulama ekranı haber kaynak cnnturkcom yayınlanan haber diğer içerikler ilgili olarak yasal bildirimlerinizi bize iletişim sayfası üzerinden iletiniz kısa süre içerisinde bildirimlerinize geri dönüş sağlanılacaktır,kaynakcnnturkcomi̇stanbulda su kesintisi haberleri gündemdeki yerini aldı i̇ski̇ tarafından yapılan açıklamada mayıs çarşamba günü i̇stanbulun bölgelerinde saat sürecek bir planlı su kesintisi yapılacağı belirtildi i̇stanbulda yaşayan vatandaşlar bölgelerinde i̇ski̇ su kesintisi olup olmayacağını sorguluyor i̇şte mayıs i̇ski̇ su kesinti tablosuhaberin devamıhaberin devamıhaberin devamıhaberin devamı,Türkiye'nin en büyük su kaynaklarından biri olarak gösterilen İzmir'in başkenti İstanbul'da su kesintileri haberleri gündemdeki yerini aldı i'stanbul su kanalının genel müdürlüğü tarafından yapılan açıklamada bölgelerde saat sürecek bir planlı su kesintisi yapılacağını açıkladı.
i̇çişleri bakanı ali yerlikaya il merkezli yasa dışı bahis nitelikli dolandırıcılık çevrimiçi çocuk müstehcenliği tacizi suçtan kaynaklanan mal varlığı değerlerini aklama nitelikli hırsızlık suçlarına yönelik gündür devam eden operasyonlarda şüphelinin yakalandığını duyurduhaberin devamıhaberin devamıhaberin devamıhaberin devamı i̇çişleri bakanı ali yerlikaya sosyal medyada yaptığı açıklamada cumhuriyet başsavcılıkları emniyet genel müdürlüğü siber suçlarla mücadele daire başkanlığı koordinesinde ilde gerçekleştirilen operasyonlarda şüphelinin yakalandığını açıkladı yerlikaya şüphelilerin sosyal medya platformları oltalama phishing siteleri üzerinden yüksek kazanç vaadiyle dolandırıcılık faaliyetlerinde bulunduğunu yasa dışı bahis sitelerine alt yapı sağlama kumar oynatma para nakline aracılık ettiğini belirtti ayrıca şüphelilerin bilişim sistemlerini kullanarak kumar oynanmasına yer imkan sağladığının vatandaşların mobil bankacılık hesaplarına erişerek haksız kazanç sağladığının tespit edildiğini kaydetti operasyonda adet araç adet motosiklet adet arsatarla adet meskendükkan adet bahçe olmak üzere toplam milyar milyon tllik para mal varlığına el konuldu ayrıca sayıda ruhsatsız tüfek dijital materyal ele geçirildi haberin devamıhaberin devamıhaberin devamıhaberin devamı siber suçlara karşı güçlü kalkan farkındalıktır valileri operasyonu koordine eden cumhuriyet başsavcılıklarını operasyonları gerçekleştiren polisleri tebrik eden yerlikaya unutmayalım siber suçlara karşı güçlü kalkan farkındalıktır lütfen şüpheli durumları acil çağrı merkezimize bildirin gereğini yapalım ifadelerini kullandı siber suçlarla mücadele kapsamında şüpheli yakalandı il merkezli yasa dışı bahis nitelikli dolandırıcılık çevrimiçi çocuk müstehcenliği tacizi suçtan kaynaklanan mal varlığı değerlerini aklama nitelikli hırsızlık suçlarına yönelik gündür devam eden pictwittercomjfbhzmwdz ali yerlikaya may haber kaynak cnnturkcom yayınlanan haber diğer içerikler ilgili olarak yasal bildirimlerinizi bize iletişim sayfası üzerinden iletiniz kısa süre içerisinde bildirimlerinize geri dönüş sağlanılacaktır,i̇çişleri bakanı ali yerlikaya il merkezli yasa dışı bahis nitelikli dolandırıcılık çevrimiçi çocuk müstehcenliği tacizi suçtan kaynaklanan mal varlığı değerlerini aklama nitelikli hırsızlık suçlarına yönelik gündür devam eden operasyonlarda şüphelinin yakalandığını duyurduhaberin devamıhaberin devamıhaberin devamıhaberin devamı,içişleri bakanı ali yerlikaya sosyal medyada yaptığı açıklamada cumhuriyet başsavcılığı koordinesinde ilde gerçekleştirilen operasyonlarda şüphelinin yakalandığını duyurdu
kaynaki̇haankaraniğde otoyolunda otomobil kafa kafaya çarpıştı kazada kişi öldü kişi yaralandıhaberin devamıhaberin devamıhaberin devamıhaberin devamı edinilen bilgilere göre kaza saat sıralarında ankaraniğde otoyolu bala mevkisinde meydana geldi kt idaresinde bım plakalı mazda marka otomobil otoyolda geri dönerek tersten gitmeye başladı ters yönde giden otomobil ea kontroldeki otomobil kafa kafaya çarpıştı haberin devamıhaberin devamıhaberin devamıhaberin devamı vatandaşların ihbarı üzerine olay yerine sağlık jandarma itfaiye ekipleri sevk edildi araçta sıkışanlar itfaiye ekiplerinin çalışmaları sonucu çıkarıldı kazada mazda marka otomobilin sürücüsü kt diğer otomobilin sürücüsü ea otomobilde bulunan i̇a ça hayatını kaybederken ea yaralandı yaralı vatandaş hastaneye sevk edilirken hayatını kaybedenlerin cenazeleri adli tıp kurumuna sevk edildi haberin devamıhaberin devamıhaberin devamıhaberin devamı kaza ilgili soruşturma başlatıldı haber kaynak cnnturkcom yayınlanan haber diğer içerikler ilgili olarak yasal bildirimlerinizi bize iletişim sayfası üzerinden iletiniz kısa süre içerisinde bildirimlerinize geri dönüş sağlanılacaktır,kaynaki̇haankaraniğde otoyolunda otomobil kafa kafaya çarpıştı kazada kişi öldü kişi yaralandıhaberin devamıhaberin devamıhaberin devamıhaberin devamı,ankaraniğde otoyolunda otomobil kafa kafaya çarpıştı kazada kişi öldü kişi yaralandı olay yerine sağlık jandarma itfaiye ekipleri sevk edildi
şanlıurfada yaşayan abdulkadir hedle olgun çifti yıldır süren çocuk özlemini harran üniversitesi hastanesinde sonlandırdı yıllar boyunca farklı tedavi yöntemlerinden sonuç alamayan çift tüp bebek yöntemiyle nihayet anne baba olma mutluluğunu tattı harran üniversitesi hastanesi anlamlı süreçte bir çifte ilk ebeveyn olmanın sevincini yaşatarak önemli bir başarıya imza attı i̇lk denemede gelen muci̇ze kadın hastalıkları doğum anabilim dalı öğretim üyesi prof dr mert ulaş barutun öncülüğünde yürütülen yaklaşık iki yıllık tedavi süreci mutlu sonla noktalandı erkek infertilitesi tanısı konulan abdulkadir olguna uygulanan özel tedavi sayesinde ilk tüp bebek denemesinde başarılı bir gebelik elde edildi sürecin sonunda dünyaya gelen sağlıklı erkek bebeklerine mutluluğu mümkün kılan hekimlerine duydukları derin minneti göstermek adına mert ulaş ismini verdiler kolay bi̇r vaka deği̇ldi̇ tedavi sürecine ilişkin bilgi veren prof dr barut yıldır çocuk sahibi olamayan çiftimiz önce pek merkezde deneme yapmıştı hastanemize başvurmalarının ardından erkek infertilitesi tanısı koyduk multidisipliner ekibimizle birlikte uyguladığımız ilk tüp bebek denemesinde başarı elde ettik doğumu haftada gerçekleşti gram ağırlığında apgar skoruyla sağlıklı bir erkek bebek dünyaya geldi dedi prof dr barut ayrıca kolay bir süreç değildi ailemiz sabır özveriyle yolu yürüdük çiftin evlat sahibi olma umudunu kaybetmemesi gerektiğini bir gördük ifadelerini kullandı prof dr barut hastanede kendilerine imkanları sunan başta harran üniversitesi rektörü prof dr mehmet tahir güllüoğluna başhekim doç dr i̇dris kırhan anabilim dalı başkanına teşekkür etti hastanemi̇z umut olmaya devam edecek harran üniversitesi hastanesi başhekimi doç dr i̇dris kırhan yaptığı açıklamada şunları söyledi başarı yalnızca bir ailenin sevinci değil aynı zamanda hastanemizin gücünün ekibimizin yetkinliğinin bir göstergesidir harran üniversitesi hastanesi olarak bölge halkımıza umut olmaya devam ediyoruz gerek teknolojik altyapımız gerekse uzman kadromuzla tür mutluluklara vesile olmaktan onur duyuyoruz olgun ailesini yürekten kutluyor emeği geçen sağlık çalışanlarımıza teşekkür ediyorum haber kaynak sabahcomtr yayınlanan haber diğer içerikler ilgili olarak yasal bildirimlerinizi bize iletişim sayfası üzerinden iletiniz kısa süre içerisinde bildirimlerinize geri dönüş sağlanılacaktır,şanlıurfada yaşayan abdulkadir hedle olgun çifti yıldır süren çocuk özlemini harran üniversitesi hastanesinde sonlandırdı yıllar boyunca farklı tedavi yöntemlerinden sonuç alamayan çift tüp bebek yöntemiyle nihayet anne baba olma mutluluğunu tattı harran üniversitesi hastanesi anlamlı süreçte bir çifte ilk ebeveyn olmanın sevincini yaşatarak önemli bir başarıya imza attı,Şanlıurfa'nın şanlıurfa ilçesinde yaşayan  Abdulkadir hedle olgun çifti yıldır süren çocuk özlemini harran üniversitesi hastanesinde sonlandırdı.
edinilen bilgiye göre konya cumhuriyet başsavcılığınca fetöpdy silahlı terör örgütünün türk silahlı kuvvetlerinin tsk mahrem yapılanmasında abi olarak görev aldığı tespit edilen şüpheli hakkında soruşturma başlatıldı cumhuriyet başsavcılığının talimatı bugün konya merkezli burdur erzurum eskişehir i̇zmir ığdır mardinde eş zamanlı operasyon düzenlendi operasyonlarda şüpheli yakalanarak gözaltına alındı şüphelilerin konya i̇l emniyet müdürlüğü tem şube müdürlüğünde adli işlemleri devam ederken diğer şüphelinin yakalanması çalışmalar sürüyor haber kaynak sabahcomtr yayınlanan haber diğer içerikler ilgili olarak yasal bildirimlerinizi bize iletişim sayfası üzerinden iletiniz kısa süre içerisinde bildirimlerinize geri dönüş sağlanılacaktır,edinilen bilgiye göre konya cumhuriyet başsavcılığınca fetöpdy silahlı terör örgütünün türk silahlı kuvvetlerinin tsk mahrem yapılanmasında abi olarak görev aldığı tespit edilen şüpheli hakkında soruşturma başlatıldı cumhuriyet başsavcılığının talimatı bugün konya merkezli burdur erzurum eskişehir i̇zmir ığdır mardinde eş zamanlı operasyon düzenlendi operasyonlarda şüpheli yakalanarak gözaltına alındı şüphelilerin konya i̇l emniyet müdürlüğü tem şube müdürlüğünde adli işlemleri devam ederken diğer şüphelinin yakalanması çalışmalar sürüyor,Türkiye'de Fetöpdy silahlı terör örgütünün Türk Silahlı Kuvvetlerinin tsk mahrem yapılanmasında abi olarak görev aldığı tespit edilen şüpheli hakkında soruşturma başlatıldı.
batmanın kozluk ilçesine bağlı armut köyünde mustafa güneri bir arkadaşıyla şakalaşarak güreş tuttuğu sırada aniden yere yığıldı çevredeki yakınlarının durumu fark etmesiyle hemen acil servis ekiplerine haber verildi olay yerine gelen sağlık ekipleri ilk müdahalenin ardından güneriyi batman eğitim araştırma hastanesine kaldırdı hastanede yapılan müdahalelere rağmen genç mustafa kurtarılamadı yapılan otopsi işlemlerinin ardından günerinin cenazesi ailesine teslim edildi acı haber köyde büyük üzüntüye oldu mustafa günerinin armut köyü mezarlığında toprağa verildi haber kaynak sabahcomtr yayınlanan haber diğer içerikler ilgili olarak yasal bildirimlerinizi bize iletişim sayfası üzerinden iletiniz kısa süre içerisinde bildirimlerinize geri dönüş sağlanılacaktır,batmanın kozluk ilçesine bağlı armut köyünde mustafa güneri bir arkadaşıyla şakalaşarak güreş tuttuğu sırada aniden yere yığıldı çevredeki yakınlarının durumu fark etmesiyle hemen acil servis ekiplerine haber verildi olay yerine gelen sağlık ekipleri ilk müdahalenin ardından güneriyi batman eğitim araştırma hastanesine kaldırdı,Diyarbakır'ın armut köyünde bir arkadaşıyla şakalaşarak güreş tuttuğu sırada aniden yere yığılan 18 yaşındaki mustafa güneri hayatını kaybetti.
tbmm başkanvekili dem parti i̇stanbul milletvekili sırrı süreyya önder atatürk kültür merkezinde düzenlenen törenin ardından selçuk tengioğlu chp genel başkanı özgür özele saldırmış ardından gözaltına alınmıştı otel mühürlendi̇ selçuk tengioğlunun polisteki işlemlerine devam edilirken şüphelinin beyoğlunda kaldığı otelin ruhsatsız olduğu ortaya çıktı otel belediye ekipleri tarafından mühürlendi haber kaynak sabahcomtr yayınlanan haber diğer içerikler ilgili olarak yasal bildirimlerinizi bize iletişim sayfası üzerinden iletiniz kısa süre içerisinde bildirimlerinize geri dönüş sağlanılacaktır,tbmm başkanvekili dem parti i̇stanbul milletvekili sırrı süreyya önder atatürk kültür merkezinde düzenlenen törenin ardından selçuk tengioğlu chp genel başkanı özgür özele saldırmış ardından gözaltına alınmıştı,Cumhuriyet Halk Partisi (CHP) Genel Başkanı selçuk tengioğlu gözaltına alınırken otelin ruhsatsız olduğu ortaya çıktı ve otel belediye ekipleri tarafından mühürlendi.
gelişen teknolojiyle beraber ülkelerin güvenlik hususunda savunma sanayi alanında yaptığı yatırımlarda artış olduğu gözlendi milli teknoloji hamlesi kapsamında savunmada yerli milli üretimlerini artıran türkiye dışa bağımlılığını azaltma hedefine doğru hız kesmeden devam ediyor i̇sveç merkezli stockholm uluslararası barış araştırmaları enstitüsünün sıprı raporundaki verilere göre türkiye savunma sanayi harcaması yapan ülkeler arasında nci sırada bütçesi yüzde artmış durumda altınbaş üniversitesi öğretim üyesi asam başkanı emekli kıdemli albay dr eray güçlüer terör güvenlik uzmanı emekli subay i̇lker güçlü türkiyenin savunma alanındaki yatırımlarını gelinen son noktayı sabaha değerlendirdi türki̇ye bölgedeki̇ li̇derli̇ği̇ küresel büyüklüğe taşıma gayreti̇nde güvenlik uzmanı emekli subay i̇lker güçlü türkiyenin savunma harcamaları lardan itibaren ciddi artış gösterdi ancak covid dönemi sonrasında yaşanan ekonomik dalgalanmalar yüksek enflasyon nedeniyle reel olarak dalgalı bir seyir izledi milyar dolar dünyada üncü olan türkiye te savunma harcamalarını yüzde artırarak milyar dolara yükseltmiş nci sıraya yerleşmiştir te yaklaşık milyar dolarlık harcama nci sıraya yükselerek natonun yüzde gayrisafi yurt içi hasıla gsyi̇h oranını neredeyse yakalamıştır açıklanan trilyon milyar tllik yaklaşık milyar dolar rekor bütçe türkiyenin savunma sanayiinde yerli üretimi arttırma dışa bağımlılığı azaltma bölgesel tehditlere karşı caydırıcılığı güçlendirme hedefini yansıtıyor rusyaukrayna savaşı ege suriye ortadoğudaki gerilimler teknolojik modernizasyon ihtiyacı faktörlerinin yanında ekonomik sürdürülebilirlik kaynak dağılımını at başı götüren türkiye bölgesindeki lider rolünü küresel büyüklüğe taşıma gayretinde ifadelerini kullandı dışa bağımlılık büyük ölçüde azaldı altınbaş üniversitesi öğretim üyesi asam başkanı emekli kıdemli albay dr eray güçlüer şunları kaydetti türkiyenin savunma sanayi alanındaki yatırımları geçen gün artış göstermekle beraber alanda yapılan üretimler dışa bağımlılığı büyük ölçüde azalttı milli teknoloji hamlesi kapsamında yapılan atılımlarda yerlilik oranı arttığından dolayı başta tsk olmak üzere güvenlik birimlerinin ihtiyaçlarını yerli firmalardan karşılamak suretiyle artık silah teçhizat dışarıya para ödemiyor savunma ayrılan paralar kendi firmalarımıza gidiyor özellikle yılları türk savunma sanayinde önemli bir eşik yılı savunma bütçesi milyar dolara savunma bütçesi miyar dolara yükseldi yılı öngörülen savunma bütçesi milyar dolar olarak planlandı bunun sebebi çevremizde meydana gelen gelişmelere bağlı olarak artan riskler bununla beraber oluşan tehdit unsurları türkiye savunma sanayide an geldiği noktada üretim aşamasına geçerek çalışmaların karşılığını alacağı bir süreçte haber kaynak sabahcomtr yayınlanan haber diğer içerikler ilgili olarak yasal bildirimlerinizi bize iletişim sayfası üzerinden iletiniz kısa süre içerisinde bildirimlerinize geri dönüş sağlanılacaktır,gelişen teknolojiyle beraber ülkelerin güvenlik hususunda savunma sanayi alanında yaptığı yatırımlarda artış olduğu gözlendi milli teknoloji hamlesi kapsamında savunmada yerli milli üretimlerini artıran türkiye dışa bağımlılığını azaltma hedefine doğru hız kesmeden devam ediyor i̇sveç merkezli stockholm uluslararası barış araştırmaları enstitüsünün sıprı raporundaki verilere göre türkiye savunma sanayi harcaması yapan ülkeler arasında nci sırada bütçesi yüzde artmış durumda altınbaş üniversitesi öğretim üyesi asam başkanı emekli kıdemli albay dr eray güçlüer terör güvenlik uzmanı emekli subay i̇lker güçlü türkiyenin savunma alanındaki yatırımlarını gelinen son noktayı sabaha değerlendirdi,Türkiye'nin savunma sanayiindeki yatırımlarını gelinen son noktayı değerlendirdi altınbaş üniversitesi öğretim üyesi emekli subay ikinci kıdemli albay dr eray güçlüer sabaha konuştu:
diyarbakır i̇l emniyet müdürlüğü asayiş şube müdürlüğü oto hırsızlığı ekipleri kent genelinde farklı tarihlerde yaşanan motosiklet hırsızlıklarıyla ilgili çalışma yaptı güvenlik kamerasından saatlik görüntü izleyen ekipler şüphelinin kardeş olduğunu tespit etti pi̇yasa değeri̇ toplam mi̇lyon tl piyasa değeri toplam milyon tl olan motosiklet çaldığı tespit edilen kardeşler adreslerine düzenlenen operasyonla gözaltına alındı yapılan aramalarda bir ruhsatsız tabanca çalıntı bir motosiklete ait ruhsat hırsızlıkta kullanılan yüz maskeleri kask ele geçirildi çalıntı motosiklet sahibine teslim edildibu arada şüphelilerin motosikletleri çalma anları güvenlik kameralarına yansıdı şüpheli̇ler tutuklandı bir görüntüde şüphelilerin çaldıkları bir motosikletle bölgeye gelerek başka bir motosiklet çaldıkları görüldü şüpheliler işlemlerinin ardından sevk edildikleri adliyede çıkarıldıkları mahkemede tutuklanarak cezaevine gönderildi haber kaynak sabahcomtr yayınlanan haber diğer içerikler ilgili olarak yasal bildirimlerinizi bize iletişim sayfası üzerinden iletiniz kısa süre içerisinde bildirimlerinize geri dönüş sağlanılacaktır,diyarbakır i̇l emniyet müdürlüğü asayiş şube müdürlüğü oto hırsızlığı ekipleri kent genelinde farklı tarihlerde yaşanan motosiklet hırsızlıklarıyla ilgili çalışma yaptı güvenlik kamerasından saatlik görüntü izleyen ekipler şüphelinin kardeş olduğunu tespit etti,"diyarbakır'ın oto hırsızlığı ile ilgili yürütülen soruşturma kapsamında üç kişi gözaltına alındı, iki kişi de tutuklandı, bir kişi ise tutuklanarak cezaevine gönderildi"
sakaryadaki kaza yenimahalle servetiye caddesi üzerinde meydana geldi sürücüsünün ismi öğrenilemeyen honda marka bir otomobil yolun karşısına geçmek isteyen gelin görümceye çarptı olay yeri̇ne eki̇pler sevk edi̇ldi̇ çarpmanın etkisi kadın yola savruldu durumun haber verilmesi üzerine bölgeye sağlık sayıda polis ekibi sevk edildi kadın hayatını kaybetti̇ sağlık ekiplerince yapılan kontrolde isimleri henüz öğrenilemeyen kadının hayatını kaybettiği tespit edildi kaza anı güvenlik kamerasına yansıdı görüntülerde yolun karşısına geçmek isteyen gelin görümceye hızla gelen otomobilin çarptığı kadınların savrulduğu anlar yer aldı haber kaynak sabahcomtr yayınlanan haber diğer içerikler ilgili olarak yasal bildirimlerinizi bize iletişim sayfası üzerinden iletiniz kısa süre içerisinde bildirimlerinize geri dönüş sağlanılacaktır,sakaryadaki kaza yenimahalle servetiye caddesi üzerinde meydana geldi sürücüsünün ismi öğrenilemeyen honda marka bir otomobil yolun karşısına geçmek isteyen gelin görümceye çarptı,sabah: sürücüsünün ismi öğrenilemeyen Honda marka bir otomobil yolun karşısına geçmek isteyen gelin görümceye çarptı olaya sağlık sayıda polis ekibi sevk edildi
deprem uzmanı prof dr övgün ahmet ercan sosyal medya hesabından yaptığı açıklama ziyaret gittiği bosna hersekte sırt ağrısı nedeni kaldırıldığını hastanede beyin kanaması inme geçirdiğini açıkladı sosyal medya hesabından sağlık durumuyla ilgili son durumu paylaşan prof dr ahmet ercan anda sarayovada gözlem altında olduğunu vurguladı prof dr ercan paylaşımında ifadelere yer verdi bosnahersekte boyundan bele omirilik boyunca gelen sırt ağrısıyla tansiyonlar ambulans sarayova hastanesi acile kaldırıldım gün önce kalbime stent takılmıştı saat süren sağlıkçı müdahaleleri tansiyon a düşürüldü beyin kanaması inme atlattım şimdi sarayovaya gözlem altında dinlenmekteyim i̇lgi gösteren kardiyolog arkadaşlarıma yakınlarıma teşekkür ederim bosnahersekte boyundan bele omirilik boyunca gelen sırt ağrısıyla tansiyonlar ambulans sarayova hastanesi acile kaldırıldım gün önce kalbime stent takılmıştı saat süren sağlıkçı müdahaleleri tansiyon a düşürüldü beyin kanaması inme atlattım pictwittercomgqjfptq prof dr övgün ahmet ercan may haber kaynak sabahcomtr yayınlanan haber diğer içerikler ilgili olarak yasal bildirimlerinizi bize iletişim sayfası üzerinden iletiniz kısa süre içerisinde bildirimlerinize geri dönüş sağlanılacaktır,deprem uzmanı prof dr övgün ahmet ercan sosyal medya hesabından yaptığı açıklama ziyaret gittiği bosna hersekte sırt ağrısı nedeni kaldırıldığını hastanede beyin kanaması inme geçirdiğini açıkladı sosyal medya hesabından sağlık durumuyla ilgili son durumu paylaşan prof dr ahmet ercan anda sarayovada gözlem altında olduğunu vurguladı,Gezi gittiği bosna hersekte sırt ağrısı nedeni kaldırıldığını hastanede beyin kanaması inme geçirdiğini açıkladı sosyal medya hesabından yaptığı açıklama ziyaret gittikleri bosne herseğe ziyaret giden prof dr övgün ahmet ercan sağlık durumuyla ilgili son durumu paylaştı.
alınan bilgiye göre i̇l emniyet müdürlüğü terörle mücadele şube müdürlüğü toroslar suç önleme soruşturma büro amirliği ekipleri aranan şahısların yakalanmasına yönelik çalışma yaptı ekiplerin çalışmasında hırsızlıktan yıl ay kesinleşmiş hapis cezasıyla aranan oanın merkez toroslar ilçesinde bulunduğu nokta belirlendi baskınla polis tarafından yakalanan hükümlü emniyete götürüldü emniyet adliyede işlemleri tamamlanan oa cezaevine teslim edildikentteki ekiplerin aranan şahıslar üzerine çalışmasını sürdürdüğü bildirildi haber kaynak sabahcomtr yayınlanan haber diğer içerikler ilgili olarak yasal bildirimlerinizi bize iletişim sayfası üzerinden iletiniz kısa süre içerisinde bildirimlerinize geri dönüş sağlanılacaktır,alınan bilgiye göre i̇l emniyet müdürlüğü terörle mücadele şube müdürlüğü toroslar suç önleme soruşturma büro amirliği ekipleri aranan şahısların yakalanmasına yönelik çalışma yaptı ekiplerin çalışmasında hırsızlıktan yıl ay kesinleşmiş hapis cezasıyla aranan oanın merkez toroslar ilçesinde bulunduğu nokta belirlendi baskınla polis tarafından yakalanan hükümlü emniyete götürüldü emniyet adliyede işlemleri tamamlanan oa cezaevine teslim edildikentteki ekiplerin aranan şahıslar üzerine çalışmasını sürdürdüğü bildirildi,Diyarbakır'ın toroslar ilçesinde hırsızlıktan yıl ay kesinleşmiş hapis cezasıyla aranan bir hükümlü gözaltına alındı emniyet adliyesine teslim edildi
endonezyadaki dev piton vakaları uzun süredir dünya basınının gündeminde ülkede son dönemde yaşanan olaylar yerel halk arasında büyük panik yarattı uzun süredir kendisinden haber alınamayan yaşındaki kadın pitonun midesinden çıktı günün önemli̇ manşetleri̇ i̇çi̇n tıklayın pitonun karnındaki şişkinliği fark eden hareketsiz kaldığını gören yerel halk yılanın karnını yardıktan sonra korkunç manzarayla karşılaştı i̇şte kan donduran olayın detayları herkes büyük şaşkınlık i̇çi̇nde viralpress adlı haber sitesinde yer alan habere göre yaşlı kadından günlerce haber alamayan komşuları arama faaliyetlerine başladı uzun süren arama faaliyetlerinde kadına ulaşamayan komşuları ormanda dev bir piton yılanı fark etti pitonun midesinin şişkinliği dikkat çekti yaşlı kadının piton tarafından diri diri yutulabileceğini düşünen komşuları yılanın midesini yardı acı manzarayla karşılaştı piton yaşlı kadını tek lokmada yutmuştu haber kaynak sabahcomtr yayınlanan haber diğer içerikler ilgili olarak yasal bildirimlerinizi bize iletişim sayfası üzerinden iletiniz kısa süre içerisinde bildirimlerinize geri dönüş sağlanılacaktır,endonezyadaki dev piton vakaları uzun süredir dünya basınının gündeminde ülkede son dönemde yaşanan olaylar yerel halk arasında büyük panik yarattı,Endonezya'nın başkenti Buenos Aires'te bir piton yılanı tarafından yaşlı bir kadının midesinden çıkması dünya basınının gündeminde büyük panik yarattı.
kaynakdonanım günlüğüyeni yonga seti performans artışı yapay zeka yetenekleriyle sektörde taşları yerinden oynatacak görünüyorhaberin devamıhaberin devamıhaberin devamıhaberin devamı qualcommun merakla beklenen snapdragon elite işlemcisinin eylül ayında tanıtılması beklenirken mediatek rekabeti kızıştırmaya hazırlanıyor güvenilir kaynaklardan gelen bilgilere göre mediatekin yeni amiral gemisi işlemcisi dimensity çıkış gün sayıyor güçlü teknik özellikleriyle dikkat çekiyor ün tsmcnin gelişmiş np üretim süreciyle üretileceği tamamen yeni bir büyük çekirdek mimarisine sahip olacağı belirtiliyor i̇şlemcinin yapısında bir adet travis çekirdeği üç adet alto çekirdeği dört adet gelas çekirdeği bulunuyor travis alto çekirdeklerinin armın güncel cortexx serisine dayandığı sme komut setlerini desteklediği ifade edilirken gelas çekirdeklerinin yeni nesil a serisine ait olduğu belirtiliyor ayrıca mb l önbellek mb slc önbellek desteklenen yonga dört kanallı lpddrx rami mbps hıza kadar destekliyor ufs depolama uyumlu çalışıyor grafik tarafında yeni ımmortalisdrage gpu bulunuyor grafik birimi ışın izleme ray tracing performansını artırırken enerji tüketimini düşürmeyi hedefliyor i̇şlemcinin yapay zeka motoru npu ın saniyede trilyon işlem tops gücünde olduğu ifade ediliyor performans konusunda büyük beklentiler var zira dimensity modeli antutu testlerinde yaklaşık puan elde etmişken dimensity ün skoru rahatlıkla aşarak puanın üzerine çıkacağı söyleniyor haberin devamıhaberin devamıhaberin devamıhaberin devamı yeni yonganın ilk olarak vivo x serisi oppo find x serisinde kullanılması bekleniyor bununla birlikte mediatekin dimensity serisine yeni bir model ekleyeceği ortaya çıktı dimensity isimli yeni işlemci hakkında şimdilik herhangi bir detay paylaşılmadı haber kaynak cnnturkcom yayınlanan haber diğer içerikler ilgili olarak yasal bildirimlerinizi bize iletişim sayfası üzerinden iletiniz kısa süre içerisinde bildirimlerinize geri dönüş sağlanılacaktır,kaynakdonanım günlüğüyeni yonga seti performans artışı yapay zeka yetenekleriyle sektörde taşları yerinden oynatacak görünüyorhaberin devamıhaberin devamıhaberin devamıhaberin devamı,Dünyanın en güçlü yapay zeka üreticisi olarak bilinen mediatek'in yeni amiral gemisi işlemcisi dimensity eylül ayında tanıtılması beklenirken şirket rekabeti kızıştırmaya hazırlanıyor
kaynakdonanım günlüğügüçlü donanımı profesyonel aksesuar desteği etkileyici kamera kurulumu dikkat çeken zs ultra photographer edition üst segmentte iddialı bir seçenek olarak öne çıkıyorhaberin devamıhaberin devamıhaberin devamıhaberin devamı nubia yeni nesil kamera odaklı amiral gemisi modeli zs ultra photographer editionı tanıttı üst düzey performans sunmayı hedefleyen özel sürüm donanımı fotoğrafçılık odaklı aksesuarlarıyla dikkat çekiyor cihaz inç büyüklüğünde boe q oled ekranla geliyor k çözünürlük hz yenileme hızı nit parlaklık sunuyor gücünü qualcommun hızlı yonga setlerinden olan snapdragon elite işlemcisinden alan telefonda gba kadar lpddrx ram tb ufs depolama seçenekleri bulunuyor mah kapasiteli büyük bir batarya desteklenen model w hızlı şarj teknolojisini beraberinde getiriyor kamera tarafında oldukça iddialı bir kurulum mevcut ana kamera megapiksel çözünürlüklü özel light and shadow master sensörüne sahip kurulum megapiksel ultra geniş açılı lens megapiksel periskop telefoto lensle destekleniyor ön tarafta ekran altına gizlenmiş megapiksel çözünürlüğünde bir selfie kamerası yer alıyor haberin devamıhaberin devamıhaberin devamıhaberin devamı nubia zs ultra photographer edition sadece teknik özellikleriyle değil sunduğu profesyonel fotoğrafçılık kitiyle öne çıkıyor kutuda yer alan tmount adaptörü mm filtre destekli adaptör halkası sayesinde kullanıcılar telefona nd filtreler polarize filtreler takabiliyor ayrıca omuz askısı mıknatıslı bağlantı sistemine sahip olan kit gerçek bir profesyonel fotoğraf makinesi deneyimi sunmayı hedefliyor cihazda çift hoparlör sistemi ıp ıp sertifikalarıyla suya toza dayanıklılık wifi bluetooth nfc özellikler bulunuyor fiyatlandırmaya bakıldığında gb ram gb depolama alanına sahip versiyon dolar gb ram gb depolamalı model dolar gb ram tb depolamalı seçenek dolar gb ram tb depolama sunan üst model dolardan satışa sunuluyor nubia profesyonel fotoğrafçılık kiti ayrı olarak dolara satın alınabiliyor haber kaynak cnnturkcom yayınlanan haber diğer içerikler ilgili olarak yasal bildirimlerinizi bize iletişim sayfası üzerinden iletiniz kısa süre içerisinde bildirimlerinize geri dönüş sağlanılacaktır,kaynakdonanım günlüğügüçlü donanımı profesyonel aksesuar desteği etkileyici kamera kurulumu dikkat çeken zs ultra photographer edition üst segmentte iddialı bir seçenek olarak öne çıkıyorhaberin devamıhaberin devamıhaberin devamıhaberin devamı,Güney Koreli teknoloji devi nubia yeni nesil kamera odaklı amiral gemisi modeli zs ultra photographer editionı tanıttı. cihazın özelliklerini inceledik
kaynakdonanım günlüğüiphone pro pro maxte çizilmeye karşı dayanıklı yeni bir ekran kaplamasının olacağı ileri sürülmüştü kaplamanın şimdi rafa kaldırıldığı söyleniyor haberin devamıhaberin devamıhaberin devamıhaberin devamı meşhur sızıntı kaynaklarından olan weibo kullanıcısı ınstant digital appleın ceramic shieldden dayanıklı yeni bir ekran kaplaması üzerinde çalıştığını iddia etmişti dedikodu geçen sene ilkbahar aylarında ortaya çıktı zamandan beri hakkında herhangi bir duyulmadı macrumorsun güvenilir bir kaynaktan öğrendiklerine göre dayanıklı yansıma önleyici özellikli yeni ekran kaplaması iptal edildi geliştirme sürecinde sorunların yaşandığı belirtiliyor apple yeni kaplamayı iphone pro pro maxte kullanmak istiyordu böylece iphone prolar yansıma önleyici ekrana sahip ilk iphone modelleri olacaktı ayrıca üretilen milyonlarca iphone göz önüne alındığında appleın kaplamayı iphone ekranına uygulama süreci yavaş kaldı planlar pro modelleri geçerli olsa şirketin hızlı hareket etmemesi kaplamanın gerçeğe dönüşme ihtimalini bir hayli düşürdü mevcut iphonelarda parmak izi tutmayan oleophobic adında kaplama var apple yansıma önlemeye yoğun şekilde odaklanmadı mac ipad proda yansımayı azaltan nano dokulu ekran kullanılıyor yansıma önleyici bir türlü iphonea kadar genişlemedi apple nano dokulu ekran çözümünü başka bir kaplamayı geliştirip iphoneda kullanmak istedi sonuç olursa olsun iptal edilmiş görünüyor haberin devamıhaberin devamıhaberin devamıhaberin devamı söylenti doğruysa iphone modellerinin hiçbirinde yansıma önleyici ekran özelliği yoksa apple gelecekteki modellerde özelliğe kesinlikle yer verecektir iphone serisinde görebiliriz haber kaynak cnnturkcom yayınlanan haber diğer içerikler ilgili olarak yasal bildirimlerinizi bize iletişim sayfası üzerinden iletiniz kısa süre içerisinde bildirimlerinize geri dönüş sağlanılacaktır,kaynakdonanım günlüğüiphone pro pro maxte çizilmeye karşı dayanıklı yeni bir ekran kaplamasının olacağı ileri sürülmüştü kaplamanın şimdi rafa kaldırıldığı söyleniyor,teknoloji devi Apple'ın yeni bir ekran kaplaması üzerinde çalıştığı öne sürüldü. kaplamanın şimdi rafa kaldırıldığı söyleniyor haberlere göre kaplama iptal edildi.
kaynakdonanım günlüğüi̇ddia edilenlere göre sene vision air adında uygun fiyatlı yeni bir gözlük piyasaya sürülebilirhaberin devamıhaberin devamıhaberin devamıhaberin devamı vision pronun piyasaya sürülmesinden kısa süre sonra appleın ucuz gözlük modeli çıkartabileceği kulislerde konuşulmaya başlandı zamandan zamana kadar dikkat çekici raporlar yayınlandı yeni cihazın erken sonunda geleceğine yönelik rivayetler bulunuyordu ancak bloombergden mark gurmana göre vision air olarak adlandırılan geçici ismi karma gerçeklik gözlüğü bir ihtimalle sonunda raflardaki yerini alabilir mark gurman vision air hakkında şunları dedi apple iki yeni vision pro modeli üzerinde çalışıyor bunu önce söylemiştim modellerden vision proya göre hafif yapıda ucuz fiyata sahip diğeri maksimum tepki süresi gerektiren uygulamalar mace bağlı çalışan bir model işaretler hafif olan modelin sonuyla nın ilk yarısında geleceğini gösteriyor vision pro kötü satış performansı göstermesine rağmen apple gözlükten vazgeçmedi uygun fiyatlı yeni modelin vision pronun yerine mi geçeceği ayrı bir model mi olacağı belirsiz gurmanın verdiği tarihi aralığı appleın yeni bir karma gerçeklik gözlüğünü kısa sürede çıkarmak kararlı olduğunu gösteriyor appleın vision pronun pazardaki durumundan rahatsız olduğu belli teknoloji devi orijinal gözlükteki iki büyük soruna ağırlık maliyete odaklanmış görünüyor şirket iki noktayı hızlı güncellemeyle düzeltmek istiyor haberin devamıhaberin devamıhaberin devamıhaberin devamı bir süre önce kore medyasında yayınlanan bir raporda vision airın durumunun belirsiz olduğundan bahsedilmişti fakat mark gurmanın açıklamaları çıkış tarihinin beklenenden erken olması dikkat çekici haber kaynak cnnturkcom yayınlanan haber diğer içerikler ilgili olarak yasal bildirimlerinizi bize iletişim sayfası üzerinden iletiniz kısa süre içerisinde bildirimlerinize geri dönüş sağlanılacaktır,kaynakdonanım günlüğüi̇ddia edilenlere göre sene vision air adında uygun fiyatlı yeni bir gözlük piyasaya sürülebilirhaberin devamıhaberin devamıhaberin devamıhaberin devamı,Bloomberg haber ajansına konuşan teknoloji devi Apple'ın yeni bir gözlük modelinin sonunda raflarda yerini alacağı yönündeki haberleri yalanladı. haberin devamı
kaynakdonanım günlüğüabd başkanı donald trump tayvanlı yarı iletken devi tsmcnin abddeki milyar dolarlık çip üretim yatırım paketi hakkında oldukça açık sözlü açıklamalar yapmaya devam ediyorhaberin devamıhaberin devamıhaberin devamıhaberin devamı trump tsmcnin güvenilir bir şirket olduğunu büyük yatırım konusunda sözünü tutacağına inandığını ifade etti time dergisine verdiği bir röportajda trump gümrük vergisi stratejisini övdü stratejinin üretim operasyonlarını denizaşırı ülkelerde yürüten amerikan yabancı şirketlerin abdye kaymasını teşvik edeceğini savundu trump bağlamda nvıdıanın abdye yapacağı büyük yatırımdan bahsetti nvıdıa yapay zeka aı veri merkezleri inşa etmek dört yıl içinde abdye milyar dolar yatırım yapacağını açıklamıştı trump tsmc ceosunun güvenilirliği konusundaki bir soruya onlara güvendiğimi söyleyeyim öncelikle güvenilir insanlar olduklarını düşünüyorum önemlisi başka seçenekleri yok bunu yapmazlarsa tarifeleri ödeyemeyecekler şeklinde yanıt verdi tsmc abdde üretilen çipler luk bir fiyat artışı duyurmasına rağmen mevcut müşterilerini kaybetmedi ancak trumpın tsmcye karşı tutumu zaman kadar olumlu değildi başlangıçta tsmcyi e varan vergilerle tehdit etmişti vergi şirketin üretim tesislerini abdye genişletememesi durumunda uygulanacaktı trump bir siyasi etkinlikte tehdidi dile getirirken tek yaptığım tesisinizi buraya kurmazsanız büyük bir vergi ödeyeceksiniz demekti yirmi beş ifadelerini kullanmıştı haberin devamıhaberin devamıhaberin devamıhaberin devamı şirket trumpın güvenilir bir şirket olarak övgüsünden önce teknoloji dünyasının gündemindeydi şirket yakın zamanda nm üretim sürecini duyurdu in ikinci yarısından itibaren nm çiplerin seri üretimine başlayacağını doğruladı ayrıca tsmc ıntelin ortak girişim kuracağına dair söylentiler ayın başlarında yayınlanan bir raporla yalanlandı ancak tayvanlı basın kuruluşlarının son raporları şirketin milyar dolarlık yatırım paketinin detaylarını henüz tayvan hükümetine sunmadığını öne sürüyor durum yatırımın geleceği hakkında soru işaretleri yaratıyor haber kaynak cnnturkcom yayınlanan haber diğer içerikler ilgili olarak yasal bildirimlerinizi bize iletişim sayfası üzerinden iletiniz kısa süre içerisinde bildirimlerinize geri dönüş sağlanılacaktır,kaynakdonanım günlüğüabd başkanı donald trump tayvanlı yarı iletken devi tsmcnin abddeki milyar dolarlık çip üretim yatırım paketi hakkında oldukça açık sözlü açıklamalar yapmaya devam ediyorhaberin devamıhaberin devamıhaberin devamıhaberin devamı,ABD Başkanı Donald Trump tayvanlı yarı iletken devi tsmcnin abddeki milyar dolarlık çip üretim yatırım paketi hakkında oldukça açık sözlü açıklamalar yapmaya devam ediyor.
kaynakdonanım günlüğüsnapdragon x modem platformuna dayanan cihaz güçlü ga ağı desteği wifi teknolojisiyle öne çıkıyor mah bataryası uzun kullanım süresi sağlarken şık tasarımı gelişmiş bağlantı özellikleriyle kullanıcıların beğenisine sunuluyorhaberin devamıhaberin devamıhaberin devamıhaberin devamı zte g destekli yeni taşınabilir wifi cihazı u proyu resmi olarak tanıttı i̇lk mwc etkinliğinde sergilenen kompakt cihaz şimdi satışa sunuldu başlangıç fiyatı yaklaşık dolar olarak açıklandı yüksek hızlı ga bağlantı desteği sunan u pro qualcommun güçlü snapdragon x modem platformunu temel alıyor cihaz mm x mm x mm boyutlarında sağlam bir gövdeye inçlik hd dokunmatik ekrana sahip ekran pil durumu sinyal gücü veri kullanımını pratik bir şekilde izlemeye olanak tanıyor mah kapasiteli bataryası sayesinde u pro saate kadar kesintisiz kullanım güne kadar bekleme süresi vadediyor ayrıca w hızlı şarj desteği sunarken w ters şarj özelliği sayesinde akıllı telefonlar diğer cihazlar bir güç kaynağına dönüşebiliyor bağlantı tarafında oldukça iddialı olan u pro ga ağlarında gbpsye kadar indirme hızlarına ulaşabiliyor cc taşıyıcı birleştirme desteği bağlantı kalitesini artırıyor yoğun alanlarda iyi kapsama sunmak n frekans bandını destekliyor wifi tarafında wifi teknolojisini kullanıyor çift bant ghz ghz üzerinden mbpsye kadar kablosuz hızlara çıkabiliyor ayrıca preamble puncture teknolojisi sayesinde yoğun ağ koşullarında bağlantı kararlılığını güçlendiriyor cihaza kadar aynı anda bağlantı imknı sağlıyor haberin devamıhaberin devamıhaberin devamıhaberin devamı u pronun donanımı derece kapsama sunan dokuz adet yönlü g anteni içeriyor duvar geçişlerinde bile yüksek performans sunabilen antenler kullanıcı deneyimini güçlendiriyor cihazda ayrıca yapay zeka destekli bant genişliği önceliklendirme çocuk koruma modu veri paket kayıplarını yüzde oranında azaltan özellikler bulunuyor kullanıcılar android telefonlarla nfc dokunuş özelliği sayesinde wifi ağına kolayca bağlanabiliyor ayrıca oyun severler neteasein uu game accelerator desteği sayesinde oyun sırasında gecikme minimuma indiriliyor u pro zte smart life uygulaması üzerinden uzaktan yönetim yapay zeka sesli kontrol imkanı sunuyor cihazın tasarımında kullanılan akan ışık efekti görselliği ön plana çıkararak modern bir hava katıyor üstelik geniş bir g g bant desteği sayesinde dünya genelinde sorunsuz bağlantı sağlıyor arada diğer markalar rekabeti kızıştırıyor lenovo çift sım desteğine sahip g yönlendiricisini yaklaşık dolara piyasaya sürerken asus mbps hızlara ulaşan wifi destekli yeni rtbeu modelini kullanıcılarla buluşturdu haber kaynak cnnturkcom yayınlanan haber diğer içerikler ilgili olarak yasal bildirimlerinizi bize iletişim sayfası üzerinden iletiniz kısa süre içerisinde bildirimlerinize geri dönüş sağlanılacaktır,kaynakdonanım günlüğüsnapdragon x modem platformuna dayanan cihaz güçlü ga ağı desteği wifi teknolojisiyle öne çıkıyor mah bataryası uzun kullanım süresi sağlarken şık tasarımı gelişmiş bağlantı özellikleriyle kullanıcıların beğenisine sunuluyorhaberin devamıhaberin devamıhaberin devamıhaberin devamı,Dünyanın en güçlü wifi cihazlarından biri olan u pro resmi olarak tanıtıldı iğlk mwc etkinliğinde sergilenen küçük ve şık tasarımı gelişmiş bağlantı özellikleriyle kullanıcıların beğenisine sunuldu
kaynakdonanım günlüğügelişmiş avuç içi damar tarama teknolojisi ultra net kamerasıyla dikkat çeken cihaz kullanıcılarına üst düzey bir güvenlik deneyimi sunuyorhaberin devamıhaberin devamıhaberin devamıhaberin devamı huawei akıllı ev çözümleri alanındaki yeniliklerine bir yenisini ekleyerek smart door lock modelini piyasaya çıkardı yaklaşık dolar fiyatla satışa sunulan yeni nesil akıllı kilit gelişmiş biyometrik güvenlik sistemleri güçlü kamera özellikleri akıllı ev entegrasyonu dikkat çekiyor yeni model huaweinin geliştirdiği yapay zeka destekli avuç içi damar tarama teknolojisini kullanıyor teknoloji deri altındaki damar yapılarını tarayarak geleneksel parmak izi yüz tanımaya göre yüksek güvenlik sağlıyor üstelik kullanıcıların elleri kirli ıslak hafif yaralı olsa bile doğru çalışabiliyor cihaz ayrıca havada kaydırma hareketiyle temassız kilit açmaya imkan veriyor huawei smart door lock önceki modellere kıyasla kat hızlı işlem yapabilen yeni nesil bir yapay zeka çipiyle donatıldı t işlem gücüne sahip yeni npu sinirsel i̇şlem birimi hızlı kararlı bir kilit açma deneyimi sunuyor ürün avuç içi damar taraması parmak izi okuma akıllı telefon uygulaması şifre girişi misafir kodları mekanik anahtar farklı doğrulama seçeneklerini destekliyor haberin devamıhaberin devamıhaberin devamıhaberin devamı geliştirilen k ultra net kamerası derecelik geniş görüş açısı sunarak kullanıcıların kapı önünü geniş bir açıdan izlemesini sağlıyor kamera performansı iyileştirilen pozlama bozulma düzeltme özellikleriyle bir önceki nesle göre yüzde fazla alanı kapsıyor kullanıcılar huaweinin akıllı telefonları tabletleri diğer harmonyos destekli cihazları üzerinden ziyaretçileri canlı izleyebiliyor iki yönlü iletişim kurabiliyor ürün olası elektrik kesintilerine karşı yerleşik acil durum açma butonuna sahip mah kapasiteli bataryası normal kullanımda üç ila beş ay arası dayanıyor ana batarya tükendiğinde cihaz otomatik olarak dört adet aa pille çalışmaya devam ediyor acil durumlar usb typec portu üzerinden şarj edilebiliyor dayanıklılığı artırmak entegre döküm gövde tasarımı kullanan smart door lock aynı zamanda nemli ortamlara karşı direnç gösteriyor kilitleme açma işlemleri sırasında gürültüyü azaltan özel bir mekanizma donatılmış olan cihaz sessiz çalışma özelliği sunuyor güvenlik tarafında insan algılama bulut video kaydı tam veri şifreleme özelliklerle destekleniyor yazılım donanım tarafında eal güvenlik sertifikasına sahip olan ürün fiziksel güvenliği artırmak c seviyesinde doğrudan giriş silindiri kullanıyor ayrıca harmonyos ekosistemiyle uyumlu çalışarak kapı kilidi hareketlerine bağlı olarak ışıklar klimalar diğer akıllı cihazlarla otomatik senaryolar oluşturabiliyor haber kaynak cnnturkcom yayınlanan haber diğer içerikler ilgili olarak yasal bildirimlerinizi bize iletişim sayfası üzerinden iletiniz kısa süre içerisinde bildirimlerinize geri dönüş sağlanılacaktır,kaynakdonanım günlüğügelişmiş avuç içi damar tarama teknolojisi ultra net kamerasıyla dikkat çeken cihaz kullanıcılarına üst düzey bir güvenlik deneyimi sunuyorhaberin devamıhaberin devamıhaberin devamıhaberin devamı,Güney Koreli teknoloji devi  Huawei akıllı ev çözümleri alanındaki yeniliklerine bir yenisini ekleyerek smart door lock modelini piyasaya çıkardı yaklaşık dolar fiyatla satışa sunulan yeni nesil aklı kilit modeli.
kaynakdonanım günlüğüapple iphoneun yıl dönümünü kutlarken tasarımda büyük bir değişim yapmayı planlıyorhaberin devamıhaberin devamıhaberin devamıhaberin devamı iphone modeli çıkacak ancak telefon yıla denk geldiği birçok kaynak isminin iphone olacağını düşünüyor apple iphoneun yılında iphone xi çıkarmış iphone ismini pas geçmişti yüzden iphone isminin olması mantıklı şimdi gelelim asıl haberimize bloombergin aktardıklarına göre hindistanda üretilen iphonelar kalite açısından çinle eşit seviyeye ulaşmış olsa yılda çıkacak olan modeller karmaşık yapıda olacak yeni parçalar üretim teknikleri gerekeceği appleın iphone serisini çin dışında üretebilmesi uzak bir ihtimal ye kadar üretimin tamamen hindistandan çine alınması bir durum söz konusu değil apple bugüne kadar hiçbir yeni ürün tasarımını çin dışında üretmedi kaynaklar abd çin arasındaki ticaret savaşının iphone maliyetinin telefonda kullanılacak malzemelerin fiyatı yükselteceğini ileri sürüyor tahmin edilenden pahalı iphone serisiyle karşılaşacağız azından iddialar yönde appleın yıla özel seride bolca cam kullanacağına yönelik dedikodular var abdnin çine uyguladığı gümrük vergileri devam edecek görünüyor anda teknoloji sektörünün çoğunluğu vergi muafiyeti var ancak durum sonsuza kadar süremeyecek zaten iki ülke arasındaki ticaret savaşında önümüzdeki günlerde nelerin yaşanacağı bile belirsiz haberin devamıhaberin devamıhaberin devamıhaberin devamı hindistan sayıda iphone üretme kapasitesine sahip yine üretilen iphonelar sadece abddeki yıllık talebin üçte birini oluşturabiliyor bunu küresel pazar düşünürsek hindistan üretimi beklentinin bir hayli altında kalıyor arada appleın ipad airpods macbook üretimleri vietnam farklı ülkelere yönelik planları var sonuç olarak üretimin çinden diğer ülkelere taşınması uzun zaman alacak haber kaynak cnnturkcom yayınlanan haber diğer içerikler ilgili olarak yasal bildirimlerinizi bize iletişim sayfası üzerinden iletiniz kısa süre içerisinde bildirimlerinize geri dönüş sağlanılacaktır,kaynakdonanım günlüğüapple iphoneun yıl dönümünü kutlarken tasarımda büyük bir değişim yapmayı planlıyorhaberin devamıhaberin devamıhaberin devamıhaberin devamı,Dünyanın en büyük teknoloji şirketi olarak bilinen Apple'ın yıl dönümünü kutlarken tasarımda büyük bir değişim yapmayı planladığı iphone modeli çıkarması bekleniyor
galatasarayda şimdiden tarihe geçen victor osimhenin gelecek sezon hangi takımda oynayacağı büyük merak konusu oyuncunun kariyerine devam edeceği hakkında soru işaretleri olurken i̇talyadan calcionapoliten riccardo catapano egemen çidara açıklamalarda bulundu haberin devamıclassmedyanetinlineadv kari̇yer rekorunu kırdı süper ligin haftasında galatasaray sivasspor karşı karşıya geldi galatasarayın nijeryalı yıldızı victor osimhen sivasspor maçında parmak ısırttı sivasspor oynanan maçta gol sevinci yaşayan victor osimhen sarıkırmızılı takımda üncü rakip fileleri havalandırdı napolide oynadığı sezonunda golle kariyerinin golcü sezonunu yaşayan victor osimhen sivasspor maçıyla birlikte kariyer rekorunu kırdı i̇lgi̇ni̇zi̇ çekebi̇li̇rvictor osimhen hayat boyu hatırlayacağım bir sezonhaberi görüntüle arap kulüpleri̇ne di̇kkat edi̇lmesi̇ gerek oyuncunun hayalinin premier lig olduğunu belirten riccardo catapano osimhenin hayali zaman premier ligde oynamaktı bildiğim kadarıyla chelsea manchester united ilgilenen kulüpler arasında ayrıca dikkat edilmesi gereken bir konu arap kulüplerinin sunduğu yüksek maaşlar olabilir napoli teklifleri bekliyor oyuncuyu haziran ayında milyon euroluk serbest kalma maddesi karşılığında satmak istiyor dedi haberin devamıclassmedyanetinlineadv i̇lgi̇ni̇zi̇ çekebi̇li̇rgalatasaray derbi haftasında hata yapmadı sivasspor karşısında farka koştuhaberi görüntüle premıer li̇gi̇ terci̇h edeceği̇ni̇ düşünüyorum galatasaray ihtimalini değerlendiren i̇talyan gazeteci i̇htimal dışı değil aynı teklifi veren kulüpler arasında olursa osimhenin premier ligi tercih edeceğini düşünüyorum napoli fark etmiyor milyonluk madde ödendiği sürece hangi yabancı kulübün ödediği önemli değil açıklamalarında bulundu ana kadar takımıyla maça çıkan osimhen gol attı asist yaptı i̇lgi̇ni̇zi̇ çekebi̇li̇rokan buruk şampiyonluk yolunda yürüyoruzhaberi görüntüle haber kaynak mıllıyetcomtr yayınlanan haber diğer içerikler ilgili olarak yasal bildirimlerinizi bize iletişim sayfası üzerinden iletiniz kısa süre içerisinde bildirimlerinize geri dönüş sağlanılacaktır,galatasarayda şimdiden tarihe geçen victor osimhenin gelecek sezon hangi takımda oynayacağı büyük merak konusu oyuncunun kariyerine devam edeceği hakkında soru işaretleri olurken i̇talyadan calcionapoliten riccardo catapano egemen çidara açıklamalarda bulundu,İtalya'da süper ligin haftasında galatasaray sivasspor karşı karşıya geldi yıldız oyuncu victor osimhen gelecek sezon hangi takımda oynayacağı büyük merak konusu oldu.
galatasaray trendyol süper ligin haftasında sivassporu konuk etti sarıkırmızılılar rakibi karşısında sahadan galip ayrıldı haberin devamıclassmedyanetinlineadv galatasaray sivasspor arasında oynanan maçın son dakikalarında iptal edilen goldeki karar tartışmaları beraberinde getirdi karşılaşmada ozan ergün düdük çaldı ozan ergünün yardımcılıklarını i̇brahim çağlar uyarcan esat sancaktar üstlendi varda pawel malec avarda ogün kamacı görev aldı galatasaray sivasspor maçının tartışmalı kararlarını eski hakemler değerlendirdi yayıncı kuruluş beın sportsun hakem programı beın trioda deniz çoban bahattin duran bülent yıldırım yorumlarda bulundu i̇lgi̇ni̇zi̇ çekebi̇li̇ri̇lker yağcıoğlundan alvaro morata çıkışı beklediğini alamadıhaberi görüntüle i̇şte galatasaray sivasspor maçının tartışmalı kararları hakkındaki değerlendirmeler dakikada camaranın osimhene yaptığı faule kart gösterilmeli miydi bülent yıldırımriskli bir bölge camaranın yaptığı faulün karşılığı dikkatsiz faul sarı kart olmalıydı haberin devamıclassmedyanetinlineadv deniz çobansarı kart gösterilmeliydi bahattin durantartışmasız bir sarı kart hareketin biraz yoğunluğu olsa kırmızı kart bile olabilirdi görüntü beın sportstan alınmıştır i̇lgi̇ni̇zi̇ çekebi̇li̇rgalatasarayda okan buruktan sarı kart önlemihaberi görüntüle dakikada efkan bekiroğlunun davinsona yaptığı faule kart gösterilmeli miydi bülent yıldırımsarı karttan şüphem yok efkanın suratını gördünüz gelecek bekliyor kart çıkmayınca rahatladı deniz çobanefkan tamamen futbolun dışına çıkıyor rakibine çelme tekme arasında faul yapıyor kontrolsüz hareket sportmenlik dışı hareket türlü sarı kart buna faul çaldıktan sonra sarı kart göstermek gerekiyor bahattin duranefkanın topla oynama niyeti şansı yok sarı kart i̇lgi̇ni̇zi̇ çekebi̇li̇rtugay kerimoğlu galatasaray sezonun kırılma anını açıkladıhaberi görüntüle dakikada mertensin sarı kart gördüğü pozisyonda aldatma var hakem kararı doğru bülent yıldırımhakem ikinci yarı skorun etkisiyle şeylere fantastik baktı mertens şarj almak topla rakip arasına girdi etkili bir faul söz konusu değil buna asla aldatma diyemeyiz mertens penaltı almak niyetinde değil pozisyon gereği bir hadise var devam kararı doğru olurdu deniz çobanaldatma var demek niyet okumak demektir pozisyonda karar devam olmalıydı aldatma olduğunu düşünmüyorum penaltı değil bahattin duranpozisyon kesinlikle penaltı değil mücadelede doğru karar devam olmalıydı haberin devamıclassmedyanetinlineadv görüntü beın sportstan alınmıştır i̇lgi̇ni̇zi̇ çekebi̇li̇rmario lemina defans hattında sağlam bir temel kurdukhaberi görüntüle dakikada sivassporun iptal edilen golünde karar doğru bülent yıldırımbizim ligimize has bir bin kişinin önünde hakem rivadan gelen informasyonu anlamaya çalışıyor futbolcular hakemin kulağının dibinde bağrışıyor mertens topu çaldı uygulamada faul topla oynayan mertens teması yapan pritchard karar doğru deniz çobanbirinin futbol mantığına sığmayabilir futbol oyun kuralları yorumunda bir oyuncunun ayağını topa savurduğu sırada başka bir oyuncunun topu temiz şekilde uzaklaştırması talihsiz bir pozisyondur varın karışabildiği alanlar sınırlı birçok şeye karışamıyor karıştığı zamanlarda hakem kararlarına yüzde lik bir katkı var değer mi kadar yatırıma bahattin duranyardımcı hakemin burada yaptığı tek doğru top ağlara gittikten sonra bayrak kaldırması esat sancaktar tecrübeli bir hakem bir pozisyonda hata yaptı ofsayt yok sadece prosedürü doğru uyguladı topla galatasaraylı oyuncu oynadı koita ofsayt pozisyonunda değildi ofsaytta hata var hakemle var arasında iletişim problemi var muhtemelen varda ofsayt olmadığı söylendiği hakem santrayı gösterdi önce iletişim kazası yaşanıyor sonrasında yaşanan golün iptali kararı doğru haberin devamıclassmedyanetinlineadv görüntü beın sportstan alınmıştır i̇lgi̇ni̇zi̇ çekebi̇li̇rokan buruk şampiyonluk yolunda yürüyoruzhaberi görüntüle haber kaynak mıllıyetcomtr yayınlanan haber diğer içerikler ilgili olarak yasal bildirimlerinizi bize iletişim sayfası üzerinden iletiniz kısa süre içerisinde bildirimlerinize geri dönüş sağlanılacaktır,galatasaray trendyol süper ligin haftasında sivassporu konuk etti sarıkırmızılılar rakibi karşısında sahadan galip ayrıldı,Galatasaray süper ligin haftasında sarıkırmızılılar rakibi karşısında sahadan galip ayrıldı ve şampiyonluk yolunda yürüdü. maçın son dakikalarında iptal edilen goldeki karar tartışmaları beraberinde getirdi.
süper ligin haftasında galatasaray sivasspor karşı karşıya geldi sarıkırmızılılar gollerin tamamının ilk yarıda atıldığı maçtan galip ayrıldı haberin devamıclassmedyanetinlineadv galatasarayın sivassporu mağlup ettiği maçı milliyet yazarları köşelerinde değerlendirdi usta kalem osman şenherin galatasaraylı futbolcu ilgili uyarısı dikkat çekti i̇şte galatasaray sivasspor maçının ardından milliyet yazarlarının değerlendirmeleri galatasaray nefes aldırmıyor osman şenher hakkını vermek lazım galatasaray iyi mücadele ediyor rakiplerine büyük bir baskı yapıyor maçları zorlanmadan kazanıyor sivasspor düşme hattında sıkıntı çekiyor galatasaraya kafa tutabilir miyim düşüncesiyle maça çıktılar sarıkırmızıların oynadıkları futbol karşısında yapacakları hiçbir yok i̇lgi̇ni̇zi̇ çekebi̇li̇ri̇lker yağcıoğlundan alvaro morata çıkışı beklediğini alamadıhaberi görüntüle dakika galatasaray maçı bitirdi kendini fazla zorlamadı rakibe baskıyı azalttı buna rağmen sivassporlu futbolcuları kalesine yanaştırmadı pozisyon maç boyunca kere verdi yediği gole baktığınız zaman musleranın büyük hatası var kadar tecrübeli bir kaleci ayaklarının arasından golü yememeli işte futbol maalesef böyle hatalar yapılabiliyor haberin devamıclassmedyanetinlineadvi̇lginizi çekebilirgalatasarayı ilgilendiren osimhen iddiası premier ligi tercih ederi̇lker yağcıoğlundan alvaro morata çıkışı beklediğini alamadıtugay kerimoğlu galatasaray sezonun kırılma anını açıkladı defansta sanchez abdülkerim sezonun rahat maçını oynadılar yorulmadılar rahatlığa torreira leminanın büyük katkısı var ikisi olağanüstü mücadele ediyorlar girdikleri temaslı mücadeleyi kazanıyorlar topu iyi kullanıyorlar torreira hücuma çıkıyor gol atıyor rakibe baskı yapıyor eren sakatlanıncaya kadar harika futbol oynadı hafta performansının üzerine koyuyor kalan maçları düşünerek kendini riske etmedi yerini jakobsa bıraktı jacobsun futbolu erenin çizgisinde değil rakip zayıf kalınca durum anlaşılmamasına rağmen önümüzdeki sezon herhalde okan hoca oraya başka alternatif düşünüyordursağ çizgide oynayan sallai takımın mücadele eden futbolcularının başında geliyordu gitti geldi rakibe nefes aldırmadı güzel ortalar yaptı okan buruk sağ bekteki sallai tercihinde sonuna kadar haklı çıktı futbolcu hücumda defansta başarılı galatasaraya uzun zaman hizmet edecek i̇lgi̇ni̇zi̇ çekebi̇li̇rtugay kerimoğlu galatasaray sezonun kırılma anını açıkladıhaberi görüntüle barış yusuf maça hızlı başladılar müthiş tempo yaptılar üçüncü golden sonra onlar frene bastı skoru yeterli gördüler morata iyi niyetle mücadele ediyor faydalı olmaya çalışıyor evet i̇spanya milli takımının kaptanı günümüzün futbolunda mücadele eden rakibe baskı yapan isimler tercih ediliyor tabii ölçü osimhen değil onun gibisi dünyada kaç tane var adam koşuyor defansa geliyor top çıkarıyor yerde özel bir isim futbolcu gidecekse morata önümüzdeki sezon galatasarayı taşıyamaz haberin devamıclassmedyanetinlineadv galatasaray dolu di̇zgi̇n tolga ersarı kupadaki fenerbahçe derbisi başlayan sürecin ardından başka bir deyişle beş maç sonra yine alışıldık kadro ezberini bozup osimhenin arkasında sara mertensin yerine morata tercihi sürdü takımını sivasspor karşısında sahaya okan buruk elbette bunun temel nedeni moratanın geçen haftaki eyüpspor maçında oyuna girdiği dakikadan sonra gösterdiği performans attığı iki goldü eyüpspora göre zayıf bir takım olan sivasspora karşı iç sahada verimin artacağını düşündü büyük ihtimalle buruk fakat doğal olarak beklediği olmadı morata özellikle ilk yarıda yine bağlantı rolünü üstlenemedi sağ bekte kaan ayhan yerine sallai tercihi tamamen rakip alakalıydı haberin devamıclassmedyanetinlineadvi̇lgi̇ni̇zi̇ çekebi̇li̇rmario lemina defans hattında sağlam bir temel kurdukhaberi görüntüle morata olumsuzluğuna rağmen maça fırtına başladı galatasaray rakibini tam anlamıyla darmadağın etti öyle dakikada skoru a getirdi sarı kırmızılılar son haftaların golcüsü torreira yine fileleri havalandırdı kariyerinde fazla gol attığı sezona ulaştı osimhen karşılaşmada kaydettiği iki golle kulvarlarda toplam gole ulaşarak kariyerinin gol rekorunu kırdı bunun dışında güzel bir gol atan barış alper yılmazla yunus akgünle sallai kısacası kanatlardan ortadan yerden gol aradı sarı kırmızılılar özellikle eren elmalı oyunda kaldığı dakika boyunca sahanın iyilerindendi defansif görevinin yanında sürekli sol kanattan bindirdi i̇lk iki golde aksiyonun içerisindeydi onun dakikada sakatlanarak oyundan çıkması galatasaray bir dezavantaj oldu nitekim sonrasında kanatta bir savunma zafiyeti sonucu gol yedi sarı kırmızılılar skor e geldi haberin devamıclassmedyanetinlineadv galatasaraylı futbolcular den sonra oyunu rölantiye aldılar i̇kinci yarının tamamında durumu sürdüren sarı kırmızılılar ilk yarıda buldukları gollerle sahadan galip ayrıldılar arada ikinci yarıda farkı arttıracak fırsatlar buldu galatasaraylı futbolcular ancak kimi zaman son vuruşlardaki hatalar kimi zaman farkın oyunun getirdiği rahatlığın sonucu olan bencillikler farkın açılmasını engelledikısacası beklediğinden rahat bir galibiyet aldı sarı kırmızılılar galatasaray kaliteli şampiyonluğa inanmış kenetlenmiş kadrosu taraftarlarıyla dolu dizgin gidiyor kupada deplasmanda konyasporu ligde eyüpsporu deplasmanda şimdi iç sahada sivassporu geçti sarı kırmızılılar burada kupadaki fenerbahçe derbisi başlayan süreç etkili oldu süreçte leminanın altı torreiranın sekiz numaraya çekilmesi moratanın yerine santrafor arkasına saranın monte edilmesi belirleyici rol oynadı santraforda osimhen bir dünya yıldızı olunca galatasaray bugünlere geldi i̇lgi̇ni̇zi̇ çekebi̇li̇rlucas torreira gitmek istediğim zamanlar olduhaberi görüntüle esasen osimheni anlatmaya kelimeler yetersiz kalıyor neredeyse dünyanın gözleri üzerinde olmasına rağmen ufak bir kompleks taşımayan kiralık oynadığı takımı inanılmaz bir şekilde sahiplenen maç ayırt etmeksizin terinin son damlasına kadar koşan mücadele eden müthiş bir karakter osimhen nijeryalı futbolcu sadece galatasaraya değil türk futboluna büyük bir değer katıyorsivasspor ligde konumda olduğunu ispatlayan bir şekilde kötüydü galatasaray karşısında hiçbir varlık gösteremediler sarı kırmızılıların önümüzdeki hafta oynayacakları trabzonspor maçını düşünerek oyunu rölantiye almaları onlar bir şans oldu aksi takdirde skor farklı olabilirdi sivassporu sezon pek izledim karşılaşmalarda iyi değillerdi haftaya bodrum final bir maça çıkacaklar sonuç olarak galatasaray fenerbahçenin beşiktaş oynayacağı derbi öncesinde maç fazlasıyla puan farkını sekize çıkararak rahat bir şekilde köşesine çekildi şimdi sahne derbinin bununla birlikte sarı kırmızılıları haftaya trabzonda zorlu bir mücadele bekliyor okan burukun haftaki sivas maçının aksine haftaya trabzonspor karşısında moratanın yerine saraya görev vermesi gerekiyor bunun aksi bir tercih ciddi bedeli ağır bir hata olabilir i̇lgi̇ni̇zi̇ çekebi̇li̇rokan buruk şampiyonluk yolunda yürüyoruzhaberi görüntüle haber kaynak mıllıyetcomtr yayınlanan haber diğer içerikler ilgili olarak yasal bildirimlerinizi bize iletişim sayfası üzerinden iletiniz kısa süre içerisinde bildirimlerinize geri dönüş sağlanılacaktır,süper ligin haftasında galatasaray sivasspor karşı karşıya geldi sarıkırmızılılar gollerin tamamının ilk yarıda atıldığı maçtan galip ayrıldı,süper ligin ikinci haftasında sarı kırmızılılar deplasmanda eyüpsporu 2-1 yenerek şampiyonluğa gidiyor. sarıkırmızılıların maçının ardından osimhen takımı yalnızca birkaç dakikalık bir avantaj buldu.
i̇ngilterenin gateshead kentinde yaşındaki bir erkek çocuğun yangında hayatını kaybetmesinin ardından yaşları arasında değişen çocuğun gözaltına alındığı açıklandı northumbria polisinin mayıs cumartesi günü yaptığı açıklamaya göre erkek çocuk üç kız çocuk fairfield sanayi sitesinin yakınlarında çıkan yangının ardından cinayet şüphesiyle gözaltına alındı kayıp çocuk ölü bulundu the guardian gazetesinin haberine göre yangın cuma akşamı yerel saatle sıralarında bill quay bölgesindeki sanayi bölgesinin yakınlarında başladı önce kayıp olduğu bildirilen layton carrın bölgede olduğu düşünülüyordu bir polis sözcüsü konuya ilişkin açıklamasında polisin yaptığı arama çalışmalarının ardından yaşındaki çocuğa ait olduğu düşünülen bir cesedin bulunduğunu bildirdi sözcü çocuğun yakınlarının durumdan haberdar edildiğini aileye uzmanlar tarafından destek verildiğini kaydetti son derece traji̇k bi̇r olay northumbria emniyet müdürlüğünden louise jenkins konuya ilişkin açıklamasında çocuğun üzücü bir şekilde hayatını kaybettiği son derece trajik bir olay dedi düşüncelerinin çocuğun ailesiyle birlikte olduğunu belirten polis yetkilisi kamuoyundan ailenin özel hayatına saygı göstermelerini istedi jenkins polisin olay yerinde incelemeler yaptığı sırada söz konusu bölgenin güvenlik kordonuna alındığını aktardı çıkan yangının söndürüldüğü bilgisi verildi çocuğun halen gözaltına olduğu belirtilirken polis olayla ilgili başlatılan soruşturmanın ilk aşamalarında olduğuna işaret ederek halktan konuyla ilgili spekülasyonda bulunmamalarını istedi yaşındaki çocuk yangında öldü çocuk gözaltına alındıi̇ngilterede kayıp bir çocuğun cansız bedeninin yangın çıkan bir sanayi bölgesinde bulunmasının ardından çocuk cinayet şüphesiyle gözaltına alındı selay dalaklı paylaştwitterfacebookflipboardlinki kopyala i̇ngilterenin gateshead kentinde yaşındaki bir erkek çocuğun yangında hayatını kaybetmesinin ardından yaşları arasında değişen çocuğun gözaltına alındığı açıklandı northumbria polisinin mayıs cumartesi günü yaptığı açıklamaya göre erkek çocuk üç kız çocuk fairfield sanayi sitesinin yakınlarında çıkan yangının ardından cinayet şüphesiyle gözaltına alındı kayıp çocuk ölü bulundu the guardian gazetesinin haberine göre yangın cuma akşamı yerel saatle sıralarında bill quay bölgesindeki sanayi bölgesinin yakınlarında başladı önce kayıp olduğu bildirilen layton carrın bölgede olduğu düşünülüyordu bir polis sözcüsü konuya ilişkin açıklamasında polisin yaptığı arama çalışmalarının ardından yaşındaki çocuğa ait olduğu düşünülen bir cesedin bulunduğunu bildirdi sözcü çocuğun yakınlarının durumdan haberdar edildiğini aileye uzmanlar tarafından destek verildiğini kaydetti son derece traji̇k bi̇r olay northumbria emniyet müdürlüğünden louise jenkins konuya ilişkin açıklamasında çocuğun üzücü bir şekilde hayatını kaybettiği son derece trajik bir olay dedi düşüncelerinin çocuğun ailesiyle birlikte olduğunu belirten polis yetkilisi kamuoyundan ailenin özel hayatına saygı göstermelerini istedi jenkins polisin olay yerinde incelemeler yaptığı sırada söz konusu bölgenin güvenlik kordonuna alındığını aktardı çıkan yangının söndürüldüğü bilgisi verildi çocuğun halen gözaltına olduğu belirtilirken polis olayla ilgili başlatılan soruşturmanın ilk aşamalarında olduğuna işaret ederek halktan konuyla ilgili spekülasyonda bulunmamalarını istedi haber kaynak ntvcomtr yayınlanan haber diğer içerikler ilgili olarak yasal bildirimlerinizi bize iletişim sayfası üzerinden iletiniz kısa süre içerisinde bildirimlerinize geri dönüş sağlanılacaktır,i̇ngilterenin gateshead kentinde yaşındaki bir erkek çocuğun yangında hayatını kaybetmesinin ardından yaşları arasında değişen çocuğun gözaltına alındığı açıklandı,İngiltere'de kayıp bir çocuğun cansız bedeninin yangın çıkan bir sanayi bölgesinde bulunmasının ardından çocuk cinayet şüphesiyle gözaltına alındı.
abd temyiz mahkemesi voice of americanın faaliyetlerine devam etmesine izin verme kararını askıya aldı abd adalet bakanlığı önce yaptığı açıklamada voice of america çalışanlarının mart ayında başkan donald trump yönetimi tarafından kapatılan yayın kuruluşunun önümüzdeki haftadan itibaren yayınlarına devam edebileceğini duyurmuştu voanın tekrar yayına girmesine dair umutları artıran önceki bir kararın ardından bir temyiz mahkemesi trump yönetiminin yanında yer aldı trump yönetiminin iki aydan kısa bir süre önce voice of americanın ağlarını internet sitelerini kapatmasının ardından başkan donald trumpa sadık bir isim olan kari lake kurumun kurtarılamaz olduğunu söylemişti bütçe personeli̇ azaltıldı abd başkanı trump başta voa olmak üzere abd hükümeti tarafından finanse edilen medya kuruluşlarında bütçenin personel sayısının düşürülmesi kararını vermişti kararda voa özgür avrupa asya radyosu kübaya i̇spanyolca haber akışı sağlayan radyo martiye ev sahipliği yapan abd küresel medya ajansının fonksiyonlarının minimum seviyeye çekilmesi yönünde talimatlar yer almıştı buna göre ajansa bağlı medya kuruluşlarının bütçelerinde kesintiye gidileceği personel sayısının azaltılacağı belirtilmişti ardından voada çalışan gazetecilerin idari izne çıkarıldığı belirtilmişti voice of americanın kaderi hala belirsiz devam etme kararı askıya alındıwashington temyiz mahkemesi binden fazla voice of america çalışanın işe dönmelerine izin veren emri engelleyerek davadaki ilk derece mahkemesinin kararını askıya aldı beyza çolak paylaştwitterfacebookflipboardlinki kopyala abd temyiz mahkemesi voice of americanın faaliyetlerine devam etmesine izin verme kararını askıya aldı abd adalet bakanlığı önce yaptığı açıklamada voice of america çalışanlarının mart ayında başkan donald trump yönetimi tarafından kapatılan yayın kuruluşunun önümüzdeki haftadan itibaren yayınlarına devam edebileceğini duyurmuştu voanın tekrar yayına girmesine dair umutları artıran önceki bir kararın ardından bir temyiz mahkemesi trump yönetiminin yanında yer aldı trump yönetiminin iki aydan kısa bir süre önce voice of americanın ağlarını internet sitelerini kapatmasının ardından başkan donald trumpa sadık bir isim olan kari lake kurumun kurtarılamaz olduğunu söylemişti bütçe personeli̇ azaltıldı abd başkanı trump başta voa olmak üzere abd hükümeti tarafından finanse edilen medya kuruluşlarında bütçenin personel sayısının düşürülmesi kararını vermişti kararda voa özgür avrupa asya radyosu kübaya i̇spanyolca haber akışı sağlayan radyo martiye ev sahipliği yapan abd küresel medya ajansının fonksiyonlarının minimum seviyeye çekilmesi yönünde talimatlar yer almıştı buna göre ajansa bağlı medya kuruluşlarının bütçelerinde kesintiye gidileceği personel sayısının azaltılacağı belirtilmişti ardından voada çalışan gazetecilerin idari izne çıkarıldığı belirtilmişti haber kaynak ntvcomtr yayınlanan haber diğer içerikler ilgili olarak yasal bildirimlerinizi bize iletişim sayfası üzerinden iletiniz kısa süre içerisinde bildirimlerinize geri dönüş sağlanılacaktır,abd temyiz mahkemesi voice of americanın faaliyetlerine devam etmesine izin verme kararını askıya aldı,ABD'de temyiz mahkemesi binden fazla voice of America çalışanın işe dönmelerine izin veren emri engelleyerek davadaki ilk derece mahkememesinin kararını askıya aldı
türk pop müziğinin sevilen isimlerinden ziynet sali nci yaşını sosyal medya hesabından peş peşe yaptığı paylaşımlarla kutladı sevenlerinden gelen tebrik mesajları hediyeler karşısında duygulandığı dile getiren sali evinin çiçeklerle donatıldığını söyledi ünlü isim teşekkürlerini sosyal medya üzerinden dile getirdi ünlü isim yeni yaşını arkadaşlarıyla birlikte evinde kutladı sali siyah kot pantolon tül detaylı bir büstiyer peş peşe poz verdi sali paylaşımına böyle günümü güzelleştiren arayan soran evimi çiçek bahçesine çeviren güzel dileklerini ileten sevenlerime kalbimin derin yerinden teşekkür ederim sevgi güzel ifadelerini not düştü çağla pınar yılmazmuhabir haber kaynak ensonhabercom yayınlanan haber diğer içerikler ilgili olarak yasal bildirimlerinizi bize iletişim sayfası üzerinden iletiniz kısa süre içerisinde bildirimlerinize geri dönüş sağlanılacaktır,türk pop müziğinin sevilen isimlerinden ziynet sali nci yaşını sosyal medya hesabından peş peşe yaptığı paylaşımlarla kutladı,Türk pop müziğinin sevilen isimlerinden ziynet sali nci yaşını sosyal medya hesabından peş peşe yaptığı paylaşımlarla kutladı sevenlerine teşekkür etti
kanseri yenen kate middleton kraliyet gezilerine geri döndü kapsamda kate yeni bir gezi eşine eşlik etti prens william prenses kate middleton evlilik yıl dönümlerini kutladıkları haftayı i̇skoçyada geçiriyor aynı zamanda prenses katein kanseri yendikten sonra çıktığı ilk uzun süreli gezi oldu çalışanlara yardımcı oldu i̇skoçyanın mull adasına giden kraliyet çifti buradaki halka sıcak temas kurarken ortaya neşeli fotoğraflar çıktı mull adasındaki bir toplum merkezini ziyaret eden çift duvar resmi boyama çivi tabancası kullanma binanın tadilat çalışmalarına katıldı prenses kate eline matkap çivi tabancası alarak merkezin tabelasını takmak çalışanlara yardımcı oldu eşi̇mi̇n eli̇nden gelmeyen i̇ş yok prenses katei izleyen prens william eşine şaka yaparak aman tetiği erken çekme yoksa gezimiz iyi değil epey kötü hatırlanacak dedi middletonı izleyenlerden williama dönüp eşinizin elinden gelmeyen bir iş var sorduğunda william gururla soruyu duyuyorum cevabım değişmiyor dedi kate middleton prens william merkezde çocuklar duvarlara resimler çizdi adile topçueditor haber kaynak ensonhabercom yayınlanan haber diğer içerikler ilgili olarak yasal bildirimlerinizi bize iletişim sayfası üzerinden iletiniz kısa süre içerisinde bildirimlerinize geri dönüş sağlanılacaktır,kanseri yenen kate middleton kraliyet gezilerine geri döndü,İngiltere'de kanseri yenen Prenses Kate Middleton'ın eşi Prens william ile evlilik yıl dönümlerini kutladıkları haftayı iskoçyada geçirdiği sıcak temaslar kapsamında prenses yeni bir gezi eşine eşlik etti çalışanlara yardımcı oldu
amerikada sekiz yıldır yaşamını sürdüren merve terim çetin spor dünyasına yaptığı sürpriz girişle dikkatleri üzerine çekti eşinin işleri nedeniyle uzun süredir abdde bulunan çetin eğitimini psikoloji alanında tamamladıktan sonra futbol arenasına yöneldi yönelişte oğlunun etkisi büyük oldu sabahın haberine göre oğlu yamanın forma giydiği orlando city soccer kulübü minikler kategorisindeki başarılarıyla öne çıkarken kulüp yönetimi menajerlik pozisyonu merve terim çetine teklif götürdü spora çocuk gelişimine olan ilgisiyle tanınan çetin teklifi kabul ederek futbol yönetimine adım attı çetinin çalıştığı takım kolombiya arjantin i̇talya venezuela türkiyeden genç yetenekleri bünyesinde barındırıyor haber kaynak sondakıkacom yayınlanan haber diğer içerikler ilgili olarak yasal bildirimlerinizi bize iletişim sayfası üzerinden iletiniz kısa süre içerisinde bildirimlerinize geri dönüş sağlanılacaktır,amerikada sekiz yıldır yaşamını sürdüren merve terim çetin spor dünyasına yaptığı sürpriz girişle dikkatleri üzerine çekti eşinin işleri nedeniyle uzun süredir abdde bulunan çetin eğitimini psikoloji alanında tamamladıktan sonra futbol arenasına yöneldi yönelişte oğlunun etkisi büyük oldu,ABD'de sekiz yıldır yaşamını sürdüren merve terim çetin spor dünyasına yaptığı sürpriz girişle dikkatleri üzerine çekti oğlunun futbol arenasına yöneldiği girişi futbol yönetimine götürdü
balıkesir üniversitesi halk oyunları topluluğu türkiye üniversite sporları federasyonu tarafından düzenlenen üniversiteler arası halk oyunları finalinde önemli bir başarıya imza attı balıkesir ekibi zeybekler kategorisi artistik dalda türkiye ikincisi oldu türkiye finalinde önemli bir başarıya imza atan ekibin akademik danışmanlığını doç dr kazım biberin yaptığı eğitmenliğini ozan çelikin üstlendiği ekip antalyada akdeniz üniversitesi ev sahipliğinde düzenlenen yarışmada zeybekler kategorisi artistik dalda türkiye ikincisi oldu balıkesir üniversitesi genel sekreteri yemliha yanar sağlık kültür spor daire başkanı m cem hamzaoğlu yarışmayı yakından takip ederken dereceye giren gençleri başarılarından dolayı tebrik ettiler balıkesi̇r haber kaynak sondakıkacom yayınlanan haber diğer içerikler ilgili olarak yasal bildirimlerinizi bize iletişim sayfası üzerinden iletiniz kısa süre içerisinde bildirimlerinize geri dönüş sağlanılacaktır,balıkesir üniversitesi halk oyunları topluluğu türkiye üniversite sporları federasyonu tarafından düzenlenen üniversiteler arası halk oyunları finalinde önemli bir başarıya imza attı balıkesir ekibi zeybekler kategorisi artistik dalda türkiye ikincisi oldu,üniversiteler arası halk oyunları finalinde başarıya imza atan balıkesir ekibi zeybekler kategorisi artistik dalda t Türkiye ikincisi oldu. BBC News Türkçe'nin hazırladığı bu haberdeki bazı içerikleri rahatsız edici bulabilirsiniz.
tarihi temalı yapımlara damgasını vuran sezonu ilgiyle takip edilen kuruluş osman sezon finaline yaklaşırken seyircisini şaşırtacak bir gelişmeyle gündeme geldi uzun süredir ekranlarda tarih anlatılara öncülük eden dizide başrol kadrosunu etkileyen önemli bir ayrılık yaşanacak gazeteci birsen altuntaşın kulis bilgilerine dayandırdığı haberine göre osman gazinin oğlu orhan beye hayat veren emre bey onun dizideki eşi nilüfer hatunu canlandıran ecem sena bayır projeye veda ediyor i̇kilinin dizinin bölümünde izleyicilere son veda edeceği öğrenildi orhan bey karakteri dizinin tarihsel akışında önemli bir yere sahipti emre beyin ayrılığıyla birlikte senaryoda köklü bir değişimin başlayacağı tahmin ediliyor nilüfer hatun karakterinin ayrılmasıyla birlikte orhanın hikyesi farklı bir yöne evrilecek yapım şirketinden henüz resmi bir açıklama gelmemiş olsa ayrılıkların ardından dizinin yedinci sezon kadrosunda ciddi bir revizyon yapılması bekleniyor haber kaynak sondakıkacom yayınlanan haber diğer içerikler ilgili olarak yasal bildirimlerinizi bize iletişim sayfası üzerinden iletiniz kısa süre içerisinde bildirimlerinize geri dönüş sağlanılacaktır,tarihi temalı yapımlara damgasını vuran sezonu ilgiyle takip edilen kuruluş osman sezon finaline yaklaşırken seyircisini şaşırtacak bir gelişmeyle gündeme geldi uzun süredir ekranlarda tarih anlatılara öncülük eden dizide başrol kadrosunu etkileyen önemli bir ayrılık yaşanacak,tarihi temalı yapımlara damgasını vuran ' Osman sezonu finaline yaklaşırken seyircisini şaşırtacak bir gelişmeyle gündeme geldi nilüfer hatunu canlandıran ecem sena bayır projeye veda ediyor.
omurga cerrahisi uzmanı prof dr mehmet aydoğan fizik tedavi rehabilitasyon uzmanı prof dr ümit dinçer uzm dr özge yıldırım bel sağlığını korumak adına günlük yaşamda dikkat edilmesi gerekenleri ev ofis egzersizleri hakkında bilgi verdi bel ağrısı toplumda yüksek olan hastalık omurga cerrahisi uzmanı prof dr mehmet aydoğan bel ağrısı toplumda uzun süredir yüksek olan bir hastalık tipi özellikle pandemi sonrası değişen yaşam koşulları oturan spor yapmayan egzersizden uzak yaşam stili nedeniyle bel ağrısının arttığını düşünüyorum ciddi bir durum vücutta bir yer ağrıyorsa mutlaka bir alarm göstergesi veriyor orada işlerin yolunda gitmediğini gösteriyor demektir ameliyat gereksinimi noktalara kadar gidebilir özellikle bel ağrısı bacağa yayılıyorsa gece ağrısı oluyorsa kilo kaybı yaşanıyorsa ateş varsa biraz dikkat etmek lazım hekime başvurmak gerekiyor i̇şiniz ofis işi oturuyorsanız mutlaka ergonomik bir koltukta oturmamız gerekiyor örneğin uzun süre oturup çalışmamız gerekiyorsa birtakım oturma pozisyonlarımız var dik oturmak dakikadan fazla oturmayacağımız bir düzen getirmek gerekir hatta uzun süre aynı pozisyonda çalışmayıp ofiste bir takım egzersiz programları çalışmamız gerekiyor dedi yılda bel ağrısı atağı vücudun alarmıdır bel ağrısının iş gücü kaybına sağlık sorunlarına olduğunu belirten aydoğan konuda bir farkındalık oluşturup bunun önüne geçmek amacıyla programı düzenledik memorial i̇leri omurga merkezi olarak düzenleyip belli aralıklarla tekrarlayarak vatandaşlarımıza bir farkındalık oluşturmayı amaçlıyoruz örneğin bel ağrısı yaşıyorsanız yılda tane atak geçiriyorsanız artık vücut alarm veriyor demektir yaşam tarzınızda birtakım şeyleri değiştirmeniz gerektiğini size işaret ediyor bel ağrısının sebepleri anatomisi bununla mücadele etmeniz gerektiği yaşamınızda neleri değiştirerek bunun üstesinden gelebileceğinizi burada öğretmeye çalışıyoruz konuştu aynı pozi̇syonda oturmak bel sağlığını olumsuz etki̇li̇yor fizik tedavi rehabilitasyon bölümünden uzm dr özge yıldırım oturuşa duruşa dikkat edilmesi gerektiğini vurgulayarak mutlaka omuzlar dik karın kasları kasılı olması önemli kolların omuzların önde olması gerekir kendimizi gevşek bırakmamız lazım otururken belimizi destekle oturmamız gerekiyor online çalışma pandemi sonrası yaygınlaştı aynı pozisyonda oturmak bel sağlığını ciddi anlamda olumsuz etkiliyor bunlara dikkat etmek lazım hayatımıza mutlaka hareket katmanız lazım hepimizin mümkün olduğunca yürüyüş karın kaslarını kuvvetlendirmeye yönelik egzersizler yapmamız gerekiyor omurga sağlığı önemli sık bel ağrısı sebebi kasların uygunsuz kullanımı ifadelerini kullandı yönetebi̇leceği̇mi̇zi̇ i̇yi̇ bi̇lmemi̇z gereki̇yor fizik tedavi rehabilitasyon uzmanı prof dr ümit dinçer bel ağrısı toplumdaki birey son derece önemlidir bel ağrısını yönetebileceğimizi iyi bilmemiz gerekiyor tedavi etmenin basit yöntemi ona karşı korunaklı olunması dolayısıyla uygun egzersizler yapmak iş yaşamında adımlar atmalıyız uygulamalar yapmalıyız bunları bilmek gerekir ağrılarla ilgili uyanık olmak gerekiyor basit ağrı kesicilerin uygulamalarla geçmiyorsa zaman bir fizik tedavi rehabilitasyon uzmanını karşısına geçmek gerekir sonrasında yapılacak olan değerlendirmelerde ağrınızın kaynaklandığını tespit edildikten sonra fizik tedaviye başvurabilirsiniz dedi habere emoji tepki ver haber kaynak sozcucomtr yayınlanan haber diğer içerikler ilgili olarak yasal bildirimlerinizi bize iletişim sayfası üzerinden iletiniz kısa süre içerisinde bildirimlerinize geri dönüş sağlanılacaktır,omurga cerrahisi uzmanı prof dr mehmet aydoğan fizik tedavi rehabilitasyon uzmanı prof dr ümit dinçer uzm dr özge yıldırım bel sağlığını korumak adına günlük yaşamda dikkat edilmesi gerekenleri ev ofis egzersizleri hakkında bilgi verdi,Koronavirüs salgını nedeniyle günlük yaşamda dikkat edilmesi gerekenleri anlatan uzm dr özge yıldırım bel ağrısını korumak adına günlüğünde dokuz önemli konuda bilgi verdi.
survivor all star te sular durulmuyor mayıs akşamı ekrana gelen son bölümde nefesler tutuldu gönüllüler takımı bir eleme stresiyle karşı karşıya kaldı haftalardır performansıyla dikkat çeken yiğit poyraz takım arkadaşı volkan arasında gerçekleşen eleme düellosu yarışmanın kaderini değiştirdi heyecan dolu mücadelede volkan poyraz karşısında üstünlük sağlayarak adada kalmayı başardı survivorın güçlü yarışmacılarından olarak gösterilen yiğit poyrazın elenmesi izleyicileri takım arkadaşlarını adeta şoke etti poyrazın elenmesinden sonra gözler bir süredir birlikte olduğu sevgilisi yasmin erbile çevrildi ünlü sunucu mehmet ali erbilin kızı olan yasmin erbil ınstagram hesabından yaptığı paylaşımla dikkat çekti survivordan bir ada konuşmasının görüntüsünü paylaşan erbil gönderisine yiyin birbirinizi şimdi rezalet notunu düşerek yarışmaya yarışmacılara tepki gösterdi duygusal veda konuşması yiğit poyraz veda konuşmasında odağımı ekstra dağıtacak manüpülasyonlar desem niyet okumak istemiyorum günün sonunda derse desin kimseyi dinlememek gerekiyor çıkıp kendi işini yapmak gerekiyor kimsenin laflarına güvenmemek gerekiyor demek burada ben biraz saf bir insanım volkan abi konuşmamız olmuştu ben ona güvenmiştim açıkçası doğru kelimeleri seçmekte zorlanıyorum kırmak istemiyorum kimseyi dedi poyraz sözlerini sadece şunu söyleyeyim kimseye güvenmeyeceksin dünyada saf olmayacaksın ben saflığımın güvenimin tokadını yedim önce akıllanmıyorum demek karşımdakini kendim görüyorum saflığımın tokadını yedim bahane değil olursa olsun çıkıp oynayacaksın oynayamadım noktaladı haber kaynak sondakıkacom yayınlanan haber diğer içerikler ilgili olarak yasal bildirimlerinizi bize iletişim sayfası üzerinden iletiniz kısa süre içerisinde bildirimlerinize geri dönüş sağlanılacaktır,survivor all star te sular durulmuyor mayıs akşamı ekrana gelen son bölümde nefesler tutuldu gönüllüler takımı bir eleme stresiyle karşı karşıya kaldı haftalardır performansıyla dikkat çeken yiğit poyraz takım arkadaşı volkan arasında gerçekleşen eleme düellosu yarışmanın kaderini değiştirdi,UYARI: Bu haberdeki bazı içeriklerle ilgili olarak yasal bildirimlerimiz bize iletişim sayfası üzerinden iletinizi istedik. BBC Türkçe'nin son bölümünde bu haberi rahatsız edici bulabilirsiniz.
batumun kalbinde güzelliğin yeni adresi salon ali batum yılların deneyimi yenilikçi vizyonumuzla kişisel bakım estetik anlayışınızı bir adım ileri taşıyoruz misafirlerimizin ihtiyaçlarına özel çözümler sunarak birini eşsiz hissettirmeyi amaçlıyoruz hizmetlerimiz salon ali batum salon ali batumda sadece saçlarınızı değil ruhunuzu yenileyeceksiniz güzelliğinize değer katmak hemen randevunuzu alın batumun seçkin salonunda farkı hissedin salon ali batum şıklığın zarafetin doğru adresi ınstagramda takibe almak aşağıdaki bağlantı adresini ziyaret edebilirsiniz salonalibatumi,batumun kalbinde güzelliğin yeni adresi salon ali batum,saçlarınızı değil ruhunuzu yenileyeceksiniz salon ali batum şıklığın yeni adresi ınstagramda takibe almak hemen randevunuza alın. Batumun seçkin salonunda zarafetin doğru adresini ziyaret edebilirsiniz.
abd başkanı donald trump fed başkanı jerome powell arasındaki gerilim sürüyor donald trump truth social sosyal medya hesabından yaptığı paylaşımda fed başkanı powellı hedef aldı fai̇z i̇ndi̇ri̇mi̇ çağrısını sürdürdü faiz oranlarında önleyici indirimler yapılmasının birçok kişi tarafından talep edildiğini belirten trump enerji maliyetlerinin gıda fiyatlarının önemli ölçüde düştüğünü diğer pek aşağı yönlü seyrederken neredeyse enflasyon olmadığını kaydetti trump maliyetler tam öngördüğüm şekilde güzel bir şekilde düşüş eğilimindeyken enflasyon neredeyse olamaz bay geç kalan büyük bir ezik faiz oranlarını şimdi düşürmezse ekonomide bir yavaşlama olabilir ifadelerini kullandı geç kaldı avrupanın faiz indirimi yaptığına işaret eden trump powell seçim döneminde uykucu joe bidena ardından kamalaya yardım etmek faiz indirmek dışında zaman geç kaldı değerlendirmesinde bulundu ağır eleşti̇ri̇lerde bulunmuştu abd başkanı trump geçen hafta fed başkanı powellı faiz oranını düşürmede geç kalmakla eleştirmişti powelldan memnun olmadığını belirten trump görevden ayrılmasını isterse powellın hemen ayrılacağını ifade etmişti powellın siyaset yaptığı değerlendirmesinde bulunan trump faiz oranlarının düşmesi gerektiğini belirtmişti kaynak anadolu ajansı aafurkan caneditor haber kaynak ensonhabercom yayınlanan haber diğer içerikler ilgili olarak yasal bildirimlerinizi bize iletişim sayfası üzerinden iletiniz kısa süre içerisinde bildirimlerinize geri dönüş sağlanılacaktır,abd başkanı donald trump fed başkanı jerome powell arasındaki gerilim sürüyor,ABD Başkanı  Donald Trump başkan yardımcısı jerome powellın görevden ayrılması çağrısını sürdürdü ve faiz oranlarında önleyici indirimler yapılması çağrısı yaptı.
katolik dünyasının ruhani lideri papa francisin hayatını kaybetmesi doğduğu ülke arjantin başta olmak üzere dünya genelinde büyük üzüntüyle karşılandı yaşında yaşamını yitiren papa arjantinde günlük ulusal yas ilan edildi dünya liderleri taziye mesajlarında papa francisin halkla kurduğu samimi bağı yoksullara olan ilgisini vurguladı arjanti̇nden ulusal yas kararı arjantin devlet başkanı javier milei papa francisin vefatı sonrası yaptığı açıklamada bugün önemsiz görünen farklılıklara rağmen onun nezaketini bilgeliğini tanımak benim gerçek bir onurdu ifadelerine yer verdi papanın anısını onurlandırmak ülkede günlük yas ilan edildi yas süresince bayrakların yarıya indirileceği resmi etkinliklerin iptal edileceği bildirildi lübnanda gün yas i̇lan edi̇ldi̇ lübnan başbakanı nevvaf selam yaptığı yazılı açıklamada papanın vefatı nedeniyle nisan çarşamba günü kadar sürecek olan yas sürecinde bayrakların yarıya indirileceğini duyurdu ayrıca papanın cenaze töreni sırasında aynı saygı duruşunun devam edeceği bildirildi lübnan cumhurbaşkanı joseph avn papa francisin ölümünün ardından yayımladığı taziye mesajında papa francis barış adalet yoksullardan yana bir liderdi lübnan farklı inançların bir arada yaşadığı bir ülke olarak bir dostunu kaybetti ifadelerini kullandı dünya li̇derleri̇nden mesajlar fransa cumhurbaşkanı emmanuel macron papa kilisenin buenos airesten romaya kadar yoksullara neşe umut getirmesini insanları birbirleriyle doğayla birleştirmesini istedi umut ondan sonra sonsuza dek devam etsin dedi hollanda başbakanı dick schoof papayı halkın adamı olarak tanımlarken avrupa komisyonu başkanı ursula von der leyen katolik kilisesinin ötesinde alçakgönüllülüğü yoksullara olan saf sevgisiyle milyonlara ilham verdi ifadelerini kullandı i̇talya başbakanı giorgia meloni papanın insanlığa yön verdiğini vurguladı hindistan başbakanı narendra modi derin acı duyduğunu belirtirken polonya başbakanı donald tusk onu iyi sıcakkanlı duyarlı olarak tanımladı mısır cumhurbaşkanı abdulfettah essisi papanın barış sevgi şefkatin sesi olduğunu söyledi i̇srail cumhurbaşkanı ısaac herzog onun sınırsız şefkat sahibi bir lider olduğunu belirtti abd eski başkanı donald trump sosyal medya hesabından huzur içinde uyu papa francis paylaşımında bulundu lati̇n ameri̇kanın i̇lk papasıydı aralık buenos aireste dünyaya gelen jorge mario bergoglio mart te tarihteki ilk latin amerikalı papa olarak seçildi görev süresi boyunca yoksullukla mücadele çevre bilinci hoşgörü mesajlarıyla tanındı kaynak i̇hlas haber ajansı i̇hagülnihal kayaeditor haber kaynak ensonhabercom yayınlanan haber diğer içerikler ilgili olarak yasal bildirimlerinizi bize iletişim sayfası üzerinden iletiniz kısa süre içerisinde bildirimlerinize geri dönüş sağlanılacaktır,katolik dünyasının ruhani lideri papa francisin hayatını kaybetmesi doğduğu ülke arjantin başta olmak üzere dünya genelinde büyük üzüntüyle karşılandı,Katolik dünyasının ruhani lideri papa francis hayatını kaybetmesinin ardından dünya genelinde büyük üzüntüyle karşılandı ülkede günlük yas ilan edildi
i̇lk çinde ortaya çıkan çayın tarihi mö ııı yüzyıla dayanır rivayete göre mö lerde i̇mparator shenn nung bir çay ağacının altında oturur sırada elindeki sıcak su dolu kseye yaprak çay yaprağı düşer düşen yaprakların suya verdiği renk tat imparatorun hoşuna gider shenn nungun bunu içip şifa bulmasının üzerine çay şifa bulmak amacıyla ilaç olarak kullanılmaya başlanır başlangıçta tedavi amacıyla kullanılan çay çinde ticaretin gelişmeye başlamasıyla ticari bir unsur haline gelir ms vııı yüzyılda çin kültürünü incelemeye gelen japon rahipler burada çayla tanışır mucizevi bitkiyi ülkelerine götürürler böylece japonyaya gelen çay japon halkı tarafından sevilir hatta önemli protokol toplantılarında çay seremonisi bile yapılmaya başlanır japonyadan hindistan i̇rana yayılan çayın avrupa topraklarına gelmesi ancak xvıı yüzyılda mümkün olur hollanda fransa i̇spanya i̇ngiltere çayla tanışan ilk avrupa ülkeleri olurken rusya çinden gelen ticaret kervanlarıyla aynı dönemlerde çayla tanışır böylece xvııı yüzyıla gelindiğinde sayıda millet çayla tanışmıştır artık çayı ilk içen türkün hoca ahmet yesevinin olduğu birçok kaynakta bildirilmekle beraber türklerin çay tanışması xıx yüzyılda mümkün olur ıı abdülhamit döneminde ilk çay zirai bir ürün olarak düşünülür japonyadan tohum tedarik edilir çayın ekimi ilgili ilk girişimler bursada gerçekleşir ancak ekolojik koşulların elverişsizliği sebebiyle girişimler başarısızlıkla sonuçlanır dönemin ziraat umum müdürü zihni derin tarafından başlatılan ilk çalışmalar gürcistandan getirtilen ilk tohumlarla mümkün olur rizeli üreticilere dağıtılan tohumlarla borçkada ilk deneme üretimleri başlar deneme üretimleri başarıyla sonuçlanır dünyada çay tüketen ülkeler arasında türkiyenin yer aldığını unutmadan altını çizelim lü yıllara kadar çayı tanımayan tam bir kahve tiryakisi olan türkiyede bugün çay sudan sonra sık tüketilen içecek haline gelmiş durumdadır türkiyede çay üretilen il rizedir çay demleni̇rtavşan kanı lezzetli berrak bir çay elde edebilmek kullanılan suyun çayın kalitesi özellikleri önemlidir çeşme suyunun sertliği yüksek olduğu çayın tadında değişme bulanıklığa olabilir nedenle çay iyi kalite içme suyuyla demlenmelidir çay bekletilmiş önceden kaynatılıp soğutulmuş suyla demlenmemelidir kaynayıp soğumuş su oksijen barındırdığından çayın tadını olumsuz yönde etkileyebilir demleme sırasında iyi kalite çay yeterli miktarda kullanılmalıdır çay ortamdaki diğer kokuları içine çeker nedenle aromasının bozulmaması serin kokusuz ortamda saklanmalıdır çay demlenirken ısıyı eşit dengeli olarak dağıttığı porselen cam demlik tercih edilmelidir çayın koku çekme özelliğinden ötürü bitki meyve çaylarının demlenmesinde farklı demlik kullanılmalıdır türkiyede günde milyon bardak siyah çay tüketiliyor kişi başına yıllık çay tüketimi kgı buluyor miktar kişi başına bin bardağa eşdeğer üstelik doğru demlenen kararında içilen çayın sağlığa önemli katkıları var beyni̇ güçlendi̇ri̇rçay kafein içeriği sayesinde kan akımına yardımcı olduğu kadar beyin fonksiyonlarının güçlenmesine destek verir kafein yağ oksidayonu faydalıdır siyah çayda bulunan fitokimyasallar kemikleri güçlendirir kemik yoğunluğuna katkı sağlar kansızlık tansi̇yon varsa di̇kkatçaydaki̇ okzalat miktarı fazla olduğu böbreğinde kum taş olanların dikkatli tüketmesi gerekir fazla tüketimi yüksek tansiyona olabilir tansiyon sorunu olanların günde bardaktan fazla tüketmemeleri gerekir yemek sırasında yemek sonrasında hemen çay içilmemeli anemisi olan bireyler kahvaltılarında çay yerine çay bardağı portakal suyu içebilirler kişilerin yemekten bir saat sonra açık limonlu bir çay tercih etmeleri faydalı olur bağışıklığı destekleryapılan araştırmalara göre siyah çay kalp sağlığına olumlu katkı sağlıyor siyah çayın içerisinde bulunan flanovidler sayesinde kardiyovasküler riskler yüzde düşük çıkar çay bakteri öldürücü özellikleri sayesinde bağışıklığı destekler haber kaynak sabahcomtr yayınlanan haber diğer içerikler ilgili olarak yasal bildirimlerinizi bize iletişim sayfası üzerinden iletiniz kısa süre içerisinde bildirimlerinize geri dönüş sağlanılacaktır,i̇lk çinde ortaya çıkan çayın tarihi mö ııı yüzyıla dayanır rivayete göre mö lerde i̇mparator shenn nung bir çay ağacının altında oturur sırada elindeki sıcak su dolu kseye yaprak çay yaprağı düşer düşen yaprakların suya verdiği renk tat imparatorun hoşuna gider shenn nungun bunu içip şifa bulmasının üzerine çay şifa bulmak amacıyla ilaç olarak kullanılmaya başlanır başlangıçta tedavi amacıyla kullanılan çay çinde ticaretin gelişmeye başlamasıyla ticari bir unsur haline gelir ms vııı yüzyılda çin kültürünü incelemeye gelen japon rahipler burada çayla tanışır mucizevi bitkiyi ülkelerine götürürler böylece japonyaya gelen çay japon halkı tarafından sevilir hatta önemli protokol toplantılarında çay seremonisi bile yapılmaya başlanır japonyadan hindistan i̇rana yayılan çayın avrupa topraklarına gelmesi ancak xvıı yüzyılda mümkün olur,çay dünyanın en çok tüketilen içeceklerinden biri haline gelmiş durumdadır. çayın tarihi mö ıı yüzyıla dayanır ancak bugüne kadar dünyada kahve tiryakisi olan t Türkler arasında yer almış durumdadır
kazanın ardından sosyal medyada merak konusu oldu sevenleri berk atana oldu durumu sorularla bilgi almaya çalıştı olay yerine çağrılan sağlık ekipleri ilk müdahalenin ardından oyuncuyu yakın hastaneye sevk etti kazanın etkisiyle araçta hasar oluşurken sürücünün gözaltına alındığı bildirildi i̇lk bi̇lgi̇ler gelmi̇şti̇ hastanede detaylı tetkiklerden geçirilen oyuncunun kaburga kemiğinde çatlak tespit edilmişti sağlık durumunun genel anlamda iyi olduğu ancak gün hastanede gözetim altında tutulacağı bildirilmişti korkutan haber oyunucunun sağlık durumunda yeni bir gelişme oldu kaburgasında kırık akci̇ğeri̇nde sönme sosyal medya hesabında paylaşım yapan berk atan arkadaşlar son durumu doğrudan benden duymanız buradan paylaşmak istedim sağ kaburgamda an görülebilen kırık kıkırdaklarda parçalanma mevcut sabah kırık parçaların akciğere batması sonucu gelişen kanama akciğer sönmesine müdahele etmek amacıyla dren takıldı zorlu bir süreçten geçiyoruz şeye rağmen şükür bir haftalık hastane sürecimiz olacak görünüyor haber kaynak sabahcomtr yayınlanan haber diğer içerikler ilgili olarak yasal bildirimlerinizi bize iletişim sayfası üzerinden iletiniz kısa süre içerisinde bildirimlerinize geri dönüş sağlanılacaktır,kazanın ardından sosyal medyada merak konusu oldu sevenleri berk atana oldu durumu sorularla bilgi almaya çalıştı,sabahın erken saatlerinde kaburga kemiğinde çatlak tespit edilen ve ardından sosyal medyada merak konusu olan futbol oyuncusu berk atana oldu.
kışın hayatımızla ilgili karanlık kararlar alıp yazın olumlu pozitif kararlar alıyoruzz kuşağı zaman bir akım ortaya çıkarsa mutlaka bir yerinden konunun parçası olmaya çalışıyorum onların dünyaya bakışları gerçekten başka nisan ayında bana kattıkları yeni bir kavram april theory oldu hedef belirlemede nisan ayının gücü ocak karamsartiktokta popülerlik kazanan teoriye göre kişisel gelişim hedeflerini ocak ayında karanlık soğuk surat asmalık bir dönemde belirlemek yerine nisan ayında yapmak mantıklı uzmanlar boş durmamış tabii baharın getirdiği yenilenme hissi artan serotonin seviyeleri uzun gün ışığı saatleri sayesinde insanın içinden hadi bakalım sene gerçekten yapacağım demek geliyormuşee şimdi düşünmeden edemiyorum kararlarımızı baharda almalıyız ocak ayı boyunca yeni yıl kararları listesiyle kendimizi kandırmamızın asıl sebebi dışarının karanlık olmasından başka olabilir kaldı sabah saat bile güneşin doğmadığı gri tonlarının hakim olduğu bir atmosferde hangi motivasyonla yıl kilo vereceğim diyebilir liste fazla kombinin ceplerinde kaybolur nisan ah nisan kiraz çiçekleri açık hava güneş kremi kokusu hayat güzel be dedirten serotonin patlamaları i̇şte hedef belirlemek tam ay april theory bize diyor yanlış mevsimlerde fazla ciddiyiz kış kararları fazla duygusal fazla köşeli biraz depresifoysa bahar affedici nisan ayının verdiği umutla hedef koymak tıpkı gün batımında alınan ani kararlara benziyor mantıklı görünmese anda doğru hissettiriyor şimdi oturup düşünelim hayatımızı mevsimsel olarak yeniden mi organize etmeliyiz hayat planlaması dört mevsime göre yapılır bir motto çıkarsak mesela kışları sadece battaniyenin altında dinlenme baharda hedef belirleme yazın uygulama sonbaharda yanlış yaptım temalı yumuşak bir özeleştiri mevsimievet z kuşağı bir konuda haklıdır azından tiktokta öyle görünüyor olabilir kabul edelim mevsimlerin psikolojimize etkisi çiçek açan ağaçlar kadar gerçek yüzden bir dahaki kış kararı alırken kendimize şunu sormamızda fayda var kararı gerçekten ben mi aldım yoksa gün ışığı yetersizliği sendromum sanat dünyasıdönüşüyorönümüzdeki̇ beş yıla dai̇r öngörülersanat dünyası zaman dönüşüm içerisindeydi ancak dönüşüm hiçbir dönemde bugünkü kadar hızlı katmanlı yaşanmadıteknolojinin baş döndürücü gelişimi önümüzdeki yıllarda beklenen devasa kuşaklar arası servet transferi ekonomideki yapısal değişiklikler sanatın üretiminden sunumuna koleksiyonculuktan yatırım modellerine kadar pek alanda köklü değişiklikleri beraberinde getiriyori̇şte önümüzdeki beş yıl içinde sanat dünyasında öngörülen dikkat çekici gelişmeler fazla edi̇syonsanat camiasında uzun süredir tartışılan bir konu var gerçek bir sanatçı sayıda edisyon yapmaz tişört çanta bardak merch merchandise sanatçının işlerinden türetilmiş ürünler üretmez günümüzde sanatçılar çalışmalarını erişilebilir hale getirmek geniş bir kitleye ulaşmak amacıyla farklı formatlarda edisyonlar merchler üretmeye başlıyor yeni̇ sanat merkezi̇uzun yıllar boyunca sanat dünyasının ağırlık merkezi batıdaydı ancak denge değişiyor özellikle birleşik arap emirlikleri suudi arabistan katar ülkelerdeki devasa kültürel yatırımlar yeni müzeler çağdaş sanat galerileri güçlü koleksiyoner ağı orta doğuyu global sanat haritasında yükselen bir yıldız haline getiriyor haber kaynak sabahcomtr yayınlanan haber diğer içerikler ilgili olarak yasal bildirimlerinizi bize iletişim sayfası üzerinden iletiniz kısa süre içerisinde bildirimlerinize geri dönüş sağlanılacaktır,kışın hayatımızla ilgili karanlık kararlar alıp yazın olumlu pozitif kararlar alıyoruzz kuşağı zaman bir akım ortaya çıkarsa mutlaka bir yerinden konunun parçası olmaya çalışıyorum onların dünyaya bakışları gerçekten başka nisan ayında bana kattıkları yeni bir kavram april theory oldu hedef belirlemede nisan ayının gücü,nisan ayında hedef belirlemek yerine ocak ayı boyunca yeni yıl kararları alıp yazın olumlu pozitif kararlar alıyoruz şimdi düşünmeden ediyorsunuz
dünya ticaret savaşının ortasında seçim kampanyasında gümrük vergilerine yönelik adımlar atacağının sinyallerini veren abd başkanı donald trump savaşın fitilini ateşledi abddeki üretimi artırmayı hedeflediğini söyleyen trump dünyaya yeni gümrük tarifelerini duyurdu süreçte çin karşılıklı misillemelerle vergi oranları yüzde e kadar çıktı tam anlamıyla bir ticaret savaşı başlarken uzmanlar trumpın adımının abd ekonomisine zarar vereceği kanısında forbes yazdı abd çi̇ne bağımlı kadar dev teknoloji şirketlerine sahip olsa abdnin elektronik parça tedarikinde çine bağımlı olduğu vurgulanıyor kapsamda abd merkezli ünlü ekonomi dergisi forbeste konuya ilişkin bir analiz yayınlandı söz konusu yazıda abdnin teknolojik ürünlerin üretiminde kullanılan parçalar bakımından çine bağımlılığına vurgu yapıldı yazıda çin küresel drone parçalarının ını kontrol ediyor durum amerikan üreticilerini çaresizce çin tedarik zincirlerine bağımlı hale getiriyor abd kendi̇ havacılık endüstri̇si̇ni̇ çökerti̇r abd çinle bağlarını koparmayı bile göze alamaz amerikanın kendi insansız hava aracı endüstrisini çökertir ifadeleri kullanıldı i̇lgi̇li̇ haberçin ticaret savaşında sonuna kadar yanıt vereceğiz akıllara türki̇yeni̇n yerli̇ mi̇lli̇ üreti̇mi̇ geldi̇ forbesteki yazı akılara türkiyenin i̇ha si̇ha alanında dünyada marka hale gelen yerli milli üretimlerini getirdi tamamen yerli üretim dışa bağımlılığı ortadan kaldırmanın önemi bir ortaya çıkmış oldu karşılıklı tari̇fe mi̇si̇llemeleri̇ çin abd başkanı donald trumpın nisanda duyurduğu karşılıklı tarifelere tepki gösteren ilk ülke olmuş aynı oranda karşılık vermişti i̇ki ülke arasında tarife restleşmesi sonunda abd çine uyguladığı gümrük tarifesini yüzde e pekin yüzde e kadar çıkarmıştı washington yönetimi diğer ülkelere getirdiği karşılıklı tarifeleri gün ertelerken çine yönelik olanlar yürürlüğe girmişti abdde wall street journal gazetesi yayımladığı haberinde trump yönetiminin karşılıklı tarifeler müzakere yürüttüğü ülkeye çin ekonomik bağlarını kısıtlamaları konusunda baskı kurarak çin ekonomisini izole etme yolla çin müzakerelerde elini güçlendirme arayışında olduğu iddiasına yer vermişti i̇lgi̇li̇ haberçine uygulanan vergi yüzde e yükseltildi haber kaynak ensonhabercom yayınlanan haber diğer içerikler ilgili olarak yasal bildirimlerinizi bize iletişim sayfası üzerinden iletiniz kısa süre içerisinde bildirimlerinize geri dönüş sağlanılacaktır,dünya ticaret savaşının ortasında,Dünya ticaret savaşının ortasında seçim kampanyasında gümrük vergilerine yönelik adımlar atacağının sinyallerini veren abd başkanı  Donald Trump dünyaya yeni Gümrük tarifelerini duyurdu süreçte çin karşılıklı misillemelerle vergi oranları yüzde e kadar çıktı.
türkiyede dijital ortamda içerik üreten kişilerin şirketlerin mülkiyet haklarının korunması hazırlanan dijital telif yasasında sona gelindigoogle meta dev şirketler dünyada ülkelerde başta medya kuruluşları olmak üzere özgün içerik üreticilerine telif ödemeye başladıabdden kanadaya avustralyadan i̇spanyaya birçok ülkeyle telif anlaşmaları imzaladılar başta medya kuruluşları olmak üzere haber yazı röportaj tv görüntüleri vs özgün içerik üreten kuruluşa belli bir telif ödemesi yapıyori̇nternettin yaygınlaşmasıyla birlikte haber içeriğinin tüketildiği çağda yaşıyoruz medya kuruluşlarının zararı geçen gün artıyorçünkü üretilen içerikler internet ortamında telif ödemesi yapılmadan hunharca kullanılıyorörneğin googleın çatı şirketi alphabet kazancı milyar dolara ulaşmıştıbu kazanç büyük oranda medya içeriklerinden sağlanan reklam geliri ancak imzalanan son telif anlaşmalarına kadar alphabet karı içerik üreticileriyle paylaşmıyordu hatta alphabet meta şirketlere reklam piyasasında tekel oluşturdukları davalar açılmıştıülkemizde telif konusunda tarihli fikir sanat eserleri kanunu uygulanıyor ancak kanun eski olduğu dijital çağdaki telif sorunlarına yasal çözüm sunamıyorşimdi hazırlık aşamasında sona gelinen dijital telif yasası özgün içerik üretenlerin hakkı korunacakayrıca kopya bir içerikten gelir elde edenler tespit edilecek orijinal içeriğin ön plana çıkarılması sağlanacaktbmm dijital mecralar komisyonu başkanı hüseyin yayman dijital telif sorunu geç haziran ayında çözüme kavuşacak dedibu yasanın çıkması yazı yazanlardan biriydimözellikle sabah hürriyet gazeteleri sürekli yaptıkları haberlerle dijital telif yasasının taslağının hazırlanmasında itici güç oldular yasa sadece ana akım medyayı ilgilendirmiyor haber röportaj belgesel sosyal medya içeriği vs özgün içerik üreten herkes telif ücretini alabilecekböylece habercilik yükselişe geçecek medya içeriklerine telif ödendikçe medya emekçilerine yeni iş fırsatları doğacaken önemlisi yasanın basın özgürlüğüne faydası dokunacakçünkü bağımsız özgün habercilik telif kazancına kavuşacak ki̇lo verödülü kapçinin milyon nüfuslu guangdong eyaletindeki yetkililer şirketleri zorunlu egzersiz molaları uygulamaya spor takımları kurmaya çalışanları formda kalmaları motive edecek yollar bulmaya çağırıyorörneğin shenzhendeki güney bilim teknoloji üniversitesi bir ay içinde fazla kiloyu kimin verebileceğini görmek öğrenciler personel arasında yarışma başlattı kazanana kulaklık masaj aleti ödüller verilecekbu projeler çin komünist partisinin obezite hakkında kamu bilincini artırmak başlattığı üç yıllık kampanyanın ürünleriçünkü çinde yetişkinlerin yarısından fazlası aşırı kilolu olarak sınıflandırılıyortürkiye avrupada obezitede ilk sırada yer alıyorülkemizde yetişkinlerin yaklaşık yüzde u obezite sorunu karşı karşıyabizim çin yaratıcı kesin hedef odaklı obezite sorunu yaşayan insanları kilo verdirmeye motive edecek projeleri hayata geçirmemiz gerekiyor galatasarayıntransferi̇ haberleri̇galatasarayın gelecek sezon kadrosuna katmak istediği eyüpsporun başarılı file bekçisi berke özer transfer görüşmeleri hızıyla sürüyorbu tarz haberler trabzonsporun kalecisi uğurcan çakır çıkıyorelbette galatasaray fernando musleranın ayrılma ihtimaline karşı kaleci transferine ağırlık verecekancak haberler hikmetse sezon şampiyonluk yarışı kızışınca galatasarayın oynayacağı kritik maçlar öncesi çıkıyorbu konuyla ilgili başarılı teknik direktör bülent uygunun yılında yaşadığı ilginç bir anısı varsivasspor galatasarayla şampiyonluk yarışı yaparken başkanımız galatasaray golcümüz mehmet yıldız transfer teklifi yaptı dedi kadar teklif ettiler dedim milyon dolar dedi hemen anlaş milyon doları sana vermeyecekler dedim olur falan filan dedineyse gitti geldi milyon dolarmış teklif ettiler dedi tamam el sıkış parayı vermeyecekler dedimaradan bir hafta gün geçti mehmeti arıyorlar sürekli konuşuyorlar mehmetin kafa karışıyorben oğlum sakin ol mehmet sen büyük futbolcusun bizim şeysin diyorum ben işin boyutunu biliyorum bana futbolculuk döneminde yapılan oyunun aynısı mehmete yapılıyorsonra başkan gitti görüştü geldi milyon dolar değil milyon tl verebiliriz dediler dediben adnan polatın mehmeti almak bir niyeti yok onun derdi mehmetin kafasını karıştırmaktı dedimgalatasarayın fikstüründe kritik iki maç trabzonspor eyüpsporla çıkacağı deplasman karşılaşmalarıi̇lginçtir iki takımının kalecilerinin adı sürekli galatasarayla anılıyor yeni̇ tehdi̇t anti̇bi̇yoti̇k di̇renci̇yeni yapılan bir araştırmaya göre dünya genelinde yıl üç milyondan fazla çocuk antibiyotiklere dirençli enfeksiyonlar sonucu hayatını kaybediyorbu durum enfeksiyonlara olan mikropların evrimleşerek antibiyotik ilaçlara karşı dayanıklı hale gelmesiyle ilaçların etkisiz kalması anlamına geliyor antibiyotikler bilinçsizce kullanıldığı sorun ortaya çıktıtürkiyede bir dönem hasta reçetelerine gereksiz yere antibiyotik yazılıyordusağlık bakanlığının konuda yaptığı çalışmalar sonucu antibiyotik kullanımında bir düşüş sağlandıuzmanlar antibiyotik direncini dünya nüfusunun karşı karşıya olduğu büyük halk sağlığı tehditlerinden olarak tanımlıyorbu işin şakası yoközellikle çocuklarınıza doktor onayı olmadan gereksiz yere antibiyotik kullandırmayın altyazıbiliyor musunuz keşke anıları parfüm şişeleyebilen bir icat edebilselerdi kaybolmaz bayatlamazlardı zaman istesem şişenin kapağını açıp anıları baştan yaşayabilirdim zaman rebecca haber kaynak sabahcomtr yayınlanan haber diğer içerikler ilgili olarak yasal bildirimlerinizi bize iletişim sayfası üzerinden iletiniz kısa süre içerisinde bildirimlerinize geri dönüş sağlanılacaktır,türkiyede dijital ortamda içerik üreten kişilerin şirketlerin mülkiyet haklarının korunması hazırlanan dijital telif yasasında sona gelindigoogle meta dev şirketler dünyada ülkelerde başta medya kuruluşları olmak üzere özgün içerik üreticilerine telif ödemeye başladıabdden kanadaya avustralyadan i̇spanyaya birçok ülkeyle telif anlaşmaları imzaladılar başta medya kuruluşları olmak üzere haber yazı röportaj tv görüntüleri vs özgün içerik üreten kuruluşa belli bir telif ödemesi yapıyori̇nternettin yaygınlaşmasıyla birlikte haber içeriğinin tüketildiği çağda yaşıyoruz medya kuruluşlarının zararı geçen gün artıyorçünkü üretilen içerikler internet ortamında telif ödemesi yapılmadan hunharca kullanılıyorörneğin googleın çatı şirketi alphabet kazancı milyar dolara ulaşmıştıbu kazanç büyük oranda medya içeriklerinden sağlanan reklam geliri ancak imzalanan son telif anlaşmalarına kadar alphabet karı içerik üreticileriyle paylaşmıyordu,Dünya genelinde obezite sorunu giderek artıyor ancak sosyal medyada obezitenin korunması amacıyla hazırlanan dijital telif yasasında sona gelindi
